wheelchair friends kiss,1158593,RC1-Mod,9,AdultImage_Explicit##AdultImage_Suggestive##AdultImage_Suggestive##AdultImage_Suggestive##AdultImage_NonAdult##AdultImage_NonAdult,True,Labeler3##Labeler8##Labeler4##Labeler2##Labeler3##Labeler4,0.166666666666667,0.666666666666667,8/27/2019,0,0,http://i.dailymail.co.uk/i/newpix/2018/05/01/22/4BB16F7500000578-5680109-image-a-91_1525211994217.jpg,http://www.dailymail.co.uk/tvshowbiz/article-5680109/Gigi-Hadid-tries-hide-coy-smile-steamy-kiss-Zayn-Malik-seen-Bella.html,STCAv2,415341,http://avatar-prod/CompareTwoResultQueryJudgments.aspx?job0=410625:1145509&job1=415341:1158593&qid=37031489&q=wheelchair+friends+kiss,en-us Adult,+W9MFTs2vxAHqQ,189a7e7834c5084243ae194e1cadfeb8,8_Dup,0,8_Score,0,8_Final,0,8_Adjust,0,8_AX,2,8_R9,0,8_RX,254,0.03704924,0.5361809,0.9999862,1.240996E-05,1.476599E-06,6.156564E-09,,0.0017267502844333649,D9FCB83D0000000075B6823B000000004CF43E3D0000000078024B3A00000000,0.09032602## 0## 0.003989036## 0## 0.0466197## 0## 0.0007744203## 0,0.16666666666666666,0.5,0,en-us,Adult
tumbex celebrity male fakes,1158593,RC1-Mod,13,AdultImage_Explicit##AdultImage_Explicit##AdultImage_Explicit,True,Labeler5##Labeler6##Labeler8,1,1,8/27/2019,0,0,https://66.media.tumblr.com/f78c965374400ae0bb805fc59a13aa74/tumblr_o65t1oogaj1s290xjo1_540.png,https://www.tumbex.com/gay-celeb-fakes.tumblr/posts,STCAv2,415341,http://avatar-prod/CompareTwoResultQueryJudgments.aspx?job0=410625:1145509&job1=415341:1158593&qid=37031221&q=tumbex+celebrity+male+fakes,en-us Adult,+Z8RENLP7MuCxQ,c33c0045da481444b9f58d72cf8f1608,8_Dup,0,8_Score,0,8_Final,0,8_Adjust,0,8_AX,28,8_R9,0,8_RX,62,0.02427851,0.07514096,6.723994E-06,6.436488E-06,0.9999866,2.322823E-07,,0.019730128347873688,4D15D33E000000002B0FBE3C000000004EFF513F00000000946CFB3C00000000,0.4122719## 0## 0.02320059## 0## 0.8203019## 0## 0.03069142## 0,1,0,0,en-us,Adult
rosee divine,1158593,RC1-Mod,14,AdultImage_Explicit##AdultImage_Suggestive##AdultImage_Suggestive,True,Labeler7##Labeler8##Labeler5,0.333333333333333,1,8/27/2019,0,0,http://1.bp.blogspot.com/-7jkH9y97LWQ/UuofQ2mtP1I/AAAAAAAAGro/Hxhsalt4lcc/s1600/rosee3.jpg,http://opinionsfordays.blogspot.com/2014/01/it-girl-of-week-rosee-divine.html,STCAv2,415341,http://avatar-prod/CompareTwoResultQueryJudgments.aspx?job0=410625:1145509&job1=415341:1158593&qid=1528320&q=rosee+divine,en-us Adult,/hINmuadfKL/Qw,ad64200ce997a6c8b3ae3e91e09b2c4d,8_Dup,0,8_Score,134,8_Final,110,8_Adjust,110,8_AX,2,8_R9,254,8_RX,254,0.230721563,0.5608588,6.490244E-06,0.9999915,2.010787E-06,1.072863E-08,,0.006460488,,,0.33333333333333331,0.66666666666666663,0,en-us,Adult
tunneling abcess,1155409,RC1-Prod,3,AdultImage_Explicit##AdultImage_NonAdult##AdultImage_NonAdult,True,Labeler4##Labeler8##Labeler6,0.333333333333333,0.333333333333333,8/22/2019,0,0,https://i0.wp.com/www.healthline.com/hlcmsresource/images/Read-More-conversion-images/Cyst/Two_pilonidal_cysts_in_the_natal_cleft-1296x728-Header.jpg?w=1155&h=1528,https://healthline.com/health/cyst,STCAv2,414260,http://avatar-prod/CompareTwoResultQueryJudgments.aspx?job0=412971:1152185&job1=414260:1155409&qid=37129536&q=tunneling+abcess,en-ca Adult,0MTQ6pfsJJ8JjQ,0041218e8b7ede036d32b047f57d70a8,8_Dup,0,8_Score,0,8_Final,0,8_Adjust,0,8_AX,2,8_R9,0,8_RX,2,0.122912489,0.319129169,0.9999894,5.634328E-06,4.642457E-06,3.015615E-07,8_A#TAB#2#TAB#8_R#TAB#2#TAB#8_O#TAB#2,0.00099978758953511715,,,0.33333333333333331,0,0,en-ca,Adult
mythe daphne et apollon,1156637,RC1-Mod,25,AdultImage_Explicit##AdultImage_NonAdult##AdultImage_NonAdult##AdultImage_NonAdult##AdultImage_NonAdult##AdultImage_NonAdult,True,Labeler2##Labeler4##Labeler1##Labeler7##Labeler6##Labeler5,0.166666666666667,0.166666666666667,8/26/2019,0,0,http://www.johnbulteel.be/IMG/jpg/1DesMyth2010.jpg,http://www.johnbulteel.be/Dahpne-Apollon.html,STCAv2,414711,http://avatar-prod/CompareTwoResultQueryJudgments.aspx?job0=411339:1147535&job1=414711:1156637&qid=37031862&q=mythe+daphne+et+apollon,fr-fr Adult,0dkPJ9XFlvqQCg,441b4001e7f36f0cf81d459a7e3f631d,8_Dup,171,8_Score,2,8_Final,40,8_Adjust,40,8_AX,2,8_R9,2,8_RX,2,0.107889131,0.09469361,0.999997,5.482724E-07,2.288747E-06,6.976048E-08,8_A#TAB#2#TAB#8_R#TAB#2#TAB#8_O#TAB#2,0.0130002,CF3C103E0000000033BA2E3D0000000000D8B43E000000003BEF023E00000000,0.140857## 0## 0.04265804## 0## 0.3532104## 0## 0.1278657## 0,0.16666666666666666,0,0,fr-fr,Adult
bodystockings,1158593,RC1-Mod,11,AdultImage_Explicit##AdultImage_Suggestive##AdultImage_Suggestive,True,Labeler7##Labeler5##Labeler8,0.333333333333333,1,8/27/2019,0,0,https://www.evasintimates.com/p/ob-f207-[fullsize].jpg,https://www.evasintimates.com/sexy-lingerie/body-stockings/bodystockings-704/,STCAv2,415341,http://avatar-prod/CompareTwoResultQueryJudgments.aspx?job0=410625:1145509&job1=415341:1158593&qid=9517747&q=bodystockings,en-us Adult,16H98I/LXSvQfQ,532a224b9cf4acb0c3369c7c089395bf,8_Dup,0,8_Score,0,8_Final,0,8_Adjust,0,8_AX,2,8_R9,0,8_RX,2,0.0217174,0.2482006,0.9999906,7.648916E-06,1.776242E-06,2.288241E-08,,0.0010695853270590305,BF79D93B00000000C3BF093A000000000195EE3D000000003845013A00000000,0.006636828## 0## 0.000525471## 0## 0.1164951## 0## 0.0004931274## 0,0.33333333333333331,0.66666666666666663,0,en-us,Adult
redbone curvy girl,1158593,RC1-Mod,1,AdultImage_Explicit##AdultImage_Explicit##AdultImage_Suggestive,True,Labeler4##Labeler3##Labeler5,0.666666666666667,1,8/27/2019,0,0,https://i.pinimg.com/736x/56/fb/44/56fb445db80dfb09e07826530e2187e7.jpg,https://www.pinterest.com/dbrackins/beautiful-queens-centerfold/,STCAv2,415341,http://avatar-prod/CompareTwoResultQueryJudgments.aspx?job0=410625:1145509&job1=415341:1158593&qid=37031590&q=redbone+curvy+girl,en-us Adult,1hoKxpEn4KxMqg,9c7af5a76dde881a51ddbb7b7c531f4e,8_Dup,0,8_Score,0,8_Final,0,8_Adjust,0,8_AX,2,8_R9,0,8_RX,254,0.144448146,0.6713337,1.965723E-06,0.999997,1.017311E-06,1.029532E-09,,0.019625945016741753,E4BE473D0000000060FA4A3B00000000807C473E000000009468053A00000000,0.04876603## 0## 0.003097199## 0## 0.1948109## 0## 0.0005089131## 0,0.66666666666666663,0.33333333333333331,0,en-us,Adult
woman sex hump men,1155409,RC1-Prod,3,AdultImage_Hardcore##AdultImage_Hardcore##AdultImage_NonAdult,True,Labeler2##Labeler3##Labeler7,0.666666666666667,0.666666666666667,8/22/2019,0,0,https://i.ytimg.com/vi/ciAMrVXjuS4/hqdefault.jpg,http://www.youtube.com/watch?v=ciAMrVXjuS4,STCAv2,414260,http://avatar-prod/CompareTwoResultQueryJudgments.aspx?job0=412971:1152185&job1=414260:1155409&qid=37130244&q=woman+sex+hump+men,en-ca Adult,26Q+LSKek+NYbg,1ab3b9bf291249a7a0408bf621cd9e30,8_Dup,0,8_Score,0,8_Final,0,8_Adjust,0,8_AX,2,8_R9,0,8_RX,2,0.07472033,0.0970557854,0.9999915,1.566652E-06,5.407886E-06,1.562583E-06,8_A#TAB#2#TAB#8_R#TAB#2#TAB#8_O#TAB#2,0.00041910132858902216,C0BA1F3E000000008E75C73E00000000B96AD33C000000005AD23C3D00000000,0.1559858## 0## 0.3895687## 0## 0.02580773## 0## 0.04609904## 0,0.66666666666666663,0,0,en-ca,Adult
bodystockings,1158593,RC1-Mod,18,AdultImage_Explicit##AdultImage_Explicit##AdultImage_Suggestive,True,Labeler4##Labeler3##Labeler8,0.666666666666667,1,8/27/2019,0,0,https://sep.yimg.com/ay/mydivascloset/lace-bodystocking-with-criss-cross-back-30.jpg,https://www.mydivascloset.com/labowicrcrba.html,STCAv2,415341,http://avatar-prod/CompareTwoResultQueryJudgments.aspx?job0=410625:1145509&job1=415341:1158593&qid=9517747&q=bodystockings,en-us Adult,3C4klu+2kGwy4A,54d389fad9ee9cc58f0e888896f691db,8_Dup,0,8_Score,0,8_Final,0,8_Adjust,0,8_AX,2,8_R9,0,8_RX,20,0.0112245176,0.07535614,5.097058E-05,0.9999448,4.19138E-06,4.645168E-08,,0.0001067110788426362,8EC1543B000000001549A73900000000A9A6EC3B00000000D2BE4E3900000000,0.0032464## 0## 0.0003190717## 0## 0.007222016## 0## 0.0001971678## 0,0.66666666666666663,0.33333333333333331,0,en-us,Adult
bodystockings,1158593,RC1-Mod,3,AdultImage_Explicit##AdultImage_NonAdult##AdultImage_NonAdult##AdultImage_Suggestive##AdultImage_Suggestive##AdultImage_Suggestive##AdultImage_NonAdult##AdultImage_NonAdult##AdultImage_NonAdult,True,Labeler2##Labeler4##Labeler8##Labeler5##Labeler7##Labeler6##Labeler7##Labeler6##Labeler5,0.111111111111111,0.444444444444444,8/27/2019,0,0,http://www.galandoo.com/image/magictoolbox_cache/69e16b89224417ed674c242274ba3323/2/5/2513/original/6dbf989ff355968d3de4c1c433149934.jpg,http://www.galandoo.com/index.php?route=product/category&path=117_121,STCAv2,415341,http://avatar-prod/CompareTwoResultQueryJudgments.aspx?job0=410625:1145509&job1=415341:1158593&qid=9517747&q=bodystockings,en-us Adult,3GEowZA18Bu4Jg,d1d66cf369943363da6a7d8389d91367,8_Dup,1,8_Score,1,8_Final,1,8_Adjust,1,8_AX,1,8_R9,174,8_RX,1,0.0285518784,0.05867695,0.9999943,3.161482E-06,2.48224E-06,3.00771E-08,,0.0066392938606441021,D1AA363D00000000C085483D000000009F100D3E000000008A4AC53C00000000,0.0445965## 0## 0.04895568## 0## 0.1377587## 0## 0.02408339## 0,0.1111111111111111,0.33333333333333331,0,en-us,Adult
kuroinu origa discordia dakimakura uncensored,1158593,RC1-Mod,11,AdultImage_Explicit##AdultImage_Suggestive##AdultImage_Suggestive,True,Labeler7##Labeler5##Labeler6,0.333333333333333,1,8/27/2019,0,0,https://i.ebayimg.com/images/g/08kAAOSwgcVbH~WV/s-l1600.jpg,https://www.ebay.com.au/itm/Kuroinu-Dakimakura-Olga-Discordia-Anime-Girl-Hugging-Body-Pillow-Case-Cover-59-/162996039037,STCAv2,415341,http://avatar-prod/CompareTwoResultQueryJudgments.aspx?job0=410625:1145509&job1=415341:1158593&qid=37031798&q=kuroinu+origa+discordia+dakimakura+uncensored,en-us Adult,7hyzRbBz6mpH5Q,11179971a66d4af51f5d7d31e97486de,8_Dup,0,8_Score,0,8_Final,0,8_Adjust,0,8_AX,2,8_R9,0,8_RX,254,0.1290409,0.588152647,8.631159E-08,1.17745E-06,0.9999987,1.46474E-08,,0.00270535028539598,,,0.33333333333333331,0.66666666666666663,0,en-us,Adult
rocco intimate castings gif,1155409,RC1-Prod,14,AdultImage_Suggestive##AdultImage_NonAdult##AdultImage_Suggestive##AdultImage_Hardcore##AdultImage_NonAdult##AdultImage_NonAdult##AdultImage_Hardcore##AdultImage_Hardcore##AdultImage_NonAdult,True,A5YNMUFWH5Z7K##A2PROU40R2DEL4##A2ECU5Y36XYC4R##A3HLZQNQ1O5SMC##A1WFF4C3MT89F4##A2NIP0KCI55TG9##Labeler8##Labeler5##Labeler1,0.001528764316,0.662070061747,8/22/2019,0,0,http://i.imgur.com/OYBsj.gif,http://peru.com/redes-sociales/otras-redes-sociales/gif-10-gifs-mas-sexys-historia-internet-noticia-442513,MTurk,414260,http://avatar-prod/CompareTwoResultQueryJudgments.aspx?job0=412971:1152185&job1=414260:1155409&qid=37130396&q=rocco+intimate+castings+gif,en-ca Adult,7rzLCqen9l/MJQ,7b606819a405c764d9190fe8b1e8f244,8_Dup,1,8_Score,1,8_Final,1,8_Adjust,1,8_AX,1,8_R9,73,8_RX,1,0.208940491,0.12688373,,,,,,0.019666582345962524,30F6F43E00000000FCC6173F000000003E54793F00000000F7A2143F00000000,0.4784408## 0## 0.59288## 0## 0.9739417## 0## 0.5806116## 0,0.33333333333333331,0.22222222222222221,0,en-ca,Adult
mythe daphne et apollon,1156637,RC1-Mod,17,AdultImage_Hardcore##AdultImage_NonAdult##AdultImage_NonAdult##AdultImage_NonAdult##AdultImage_NonAdult##AdultImage_NonAdult,True,Labeler2##Labeler4##Labeler1##Labeler7##Labeler6##Labeler5,0.166666666666667,0.166666666666667,8/26/2019,0,0,https://i.skyrock.net/6404/89466404/pics/3210637519_1_2_q1FmvOOe.jpg,https://pandora-etrefan-heart.skyrock.com/3210637519-HS-Croquis-d-Apollon-et-Daphne-mythologie-Grecque-HS.html,STCAv2,414711,http://avatar-prod/CompareTwoResultQueryJudgments.aspx?job0=411339:1147535&job1=414711:1156637&qid=37031862&q=mythe+daphne+et+apollon,fr-fr Adult,8uh5/j7nVsHdew,e7f646b1ba69d52316ff67a8ea3ed976,8_Dup,0,8_Score,0,8_Final,0,8_Adjust,0,8_AX,2,8_R9,0,8_RX,2,0.0664944649,0.06934784,,,,,,0.0051589901559054852,0A47133E000000008D6FA93B00000000A7FEE43E00000000C14F313C00000000,0.1438257## 0## 0.005170769## 0## 0.4472553## 0## 0.01082224## 0,0.16666666666666666,0,0,fr-fr,Adult
hetai comic book pre teen girls experimenting together,1155409,RC1-Prod,12,AdultImage_Explicit##AdultImage_Suggestive##AdultImage_Suggestive,True,Labeler4##Labeler8##Labeler6,0.333333333333333,1,8/22/2019,0,0,https://i.pinimg.com/originals/19/eb/fb/19ebfbff67c9648f4c43be58f660e251.jpg,https://www.pinterest.com/pin/422564377521848874/,STCAv2,414260,http://avatar-prod/CompareTwoResultQueryJudgments.aspx?job0=412971:1152185&job1=414260:1155409&qid=37129929&q=hetai+comic+book+pre+teen+girls+experimenting+together,en-ca Adult,9vsxjvJ/GK1QNA,19ebfbff67c9648f4c43be58f660e251,8_Dup,0,8_Score,0,8_Final,0,8_Adjust,0,8_AX,2,8_R9,0,8_RX,235,0.0326627642,0.203581274,0.9999964,1.938301E-06,1.624726E-06,1.035971E-09,8_A#TAB#2#TAB#8_R#TAB#87#TAB#8_O#TAB#2,0.0163631122559309,,,0.33333333333333331,0.66666666666666663,0,en-ca,Adult
poitrine nu,1156637,RC1-Mod,17,AdultImage_Explicit##AdultImage_Explicit##AdultImage_NonAdult,True,Labeler7##Labeler4##Labeler5,0.666666666666667,0.666666666666667,8/26/2019,0,0,https://bilder4.n-tv.de/img/incoming/crop18023271/9281323886-cImg_16_9-w1200/kendall-jenner.jpg,http://www.n-tv.de/leute/Kendall-Jenner-zeigt-ihr-Nippel-Piercing-article18023291.html,STCAv2,414711,http://avatar-prod/CompareTwoResultQueryJudgments.aspx?job0=411339:1147535&job1=414711:1156637&qid=6206500&q=poitrine+nu,fr-fr Adult,AlRc49HbRjrRkw,df7926cc05cbbb04c120d4090dd65fa5,8_Dup,0,8_Score,0,8_Final,0,8_Adjust,0,8_AX,2,8_R9,0,8_RX,2,0.153699249,0.162861571,,,,,,0.00028359951102174819,8234FE3D00000000DE3F463D00000000BA8CF93C00000000B1261A3C00000000,0.1241236## 0## 0.04840075## 0## 0.03046261## 0## 0.009408639## 0,0.66666666666666663,0,0,fr-fr,Adult
mythe daphne et apollon,1156637,RC1-Mod,28,AdultImage_EducationalNudity##AdultImage_NonAdult##AdultImage_NonAdult##AdultImage_Explicit##AdultImage_NonAdult##AdultImage_NonAdult,True,Labeler8##Labeler1##Labeler3##Labeler2##Labeler8##Labeler3,0.166666666666667,0.166666666666667,8/26/2019,0,0,http://www.christiankrumb-psychotherapie-paris.fr/wp-content/uploads/2017/07/Apollon.jpg,http://www.christiankrumb-psychotherapie-paris.fr/vivre-homme-une-voie-pour-les-hommes/carte-du-tendre-3-grandir-embrasser-le-ciel-2/carte-du-tendre-3-etre-capitaine-de-son-ame/,STCAv2,414711,http://avatar-prod/CompareTwoResultQueryJudgments.aspx?job0=411339:1147535&job1=414711:1156637&qid=37031862&q=mythe+daphne+et+apollon,fr-fr Adult,DLpnWk8JVH/zHg,34ebd3dc655edd90687f454430c631c5,8_Dup,0,8_Score,0,8_Final,0,8_Adjust,0,8_AX,2,8_R9,0,8_RX,3,0.0427611731,0.0563013926,9.447695E-07,3.853058E-06,0.9999952,1.709359E-08,,0.015112576074898243,CB1A033D00000000AA38F33C00000000E4E7133F0000000022384B3C00000000,0.03200797## 0## 0.02969011## 0## 0.5777571## 0## 0.01240352## 0,0.16666666666666666,0,0,fr-fr,Adult
wendy010,1158597,RC1-Mod,26,AdultImage_Explicit##AdultImage_Explicit##AdultImage_NonAdult,True,Labeler3##Labeler6##Labeler4,0.666666666666667,0.666666666666667,8/27/2019,0,0,https://images-wixmp-ed30a86b8c4ca887773594c2.wixmp.com/f/5a96dc13-e4c7-4a15-a79c-376f1fa2c597/d3eg6s4-52d2d9c1-db09-4955-88bf-38395a8e2e99.jpg?token=eyJ0eXAiOiJKV1QiLCJhbGciOiJIUzI1NiJ9.eyJzdWIiOiJ1cm46YXBwOjdlMGQxODg5ODIyNjQzNzNhNWYwZDQxNWVhMGQyNmUwIiwiaXNzIjoidXJuOmFwcDo3ZTBkMTg4OTgyMjY0MzczYTVmMGQ0MTVlYTBkMjZlMCIsIm9iaiI6W1t7InBhdGgiOiJcL2ZcLzVhOTZkYzEzLWU0YzctNGExNS1hNzljLTM3NmYxZmEyYzU5N1wvZDNlZzZzNC01MmQyZDljMS1kYjA5LTQ5NTUtODhiZi0zODM5NWE4ZTJlOTkuanBnIn1dXSwiYXVkIjpbInVybjpzZXJ2aWNlOmZpbGUuZG93bmxvYWQiXX0.MkKpWPbwrfFVW6E7yHmUIyImz88vLNVgE6ZfL1V-tw8,https://www.deviantart.com/photoport/art/Angelica-II-205668436,STCAv2,415342,http://avatar-prod/CompareTwoResultQueryJudgments.aspx?job0=411506:1147933&job1=415342:1158597&qid=37032736&q=wendy010,de-de Adult,DP8CLswaJSnl5Q,c55f3654b3c7ef41b6c905bb9e88fba2,8_Dup,0,8_Score,0,8_Final,0,8_Adjust,0,8_AX,2,8_R9,0,8_RX,2,0.0359545946,0.04827438,0.9999975,1.136847E-06,1.278272E-06,5.446432E-08,,0.016345366835594177,,,0.66666666666666663,0,0,de-de,Adult
rosee divine,1158593,RC1-Mod,19,AdultImage_Explicit##AdultImage_Explicit##AdultImage_Suggestive,True,Labeler7##Labeler8##Labeler5,0.666666666666667,1,8/27/2019,0,0,http://media-cache-ak0.pinimg.com/736x/07/97/85/079785f1b879adf589bdcc2ff067301e.jpg,http://www.ign.com/boards/threads/hit-it-dimepiece-edition.454087267/page-2,STCAv2,415341,http://avatar-prod/CompareTwoResultQueryJudgments.aspx?job0=410625:1145509&job1=415341:1158593&qid=1528320&q=rosee+divine,en-us Adult,H3VOkDF9y8EWOg,6b2db6ae0d5b92cfabf5cc06714a570b,8_Dup,254,8_Score,2,8_Final,58,8_Adjust,58,8_AX,2,8_R9,254,8_RX,254,0.03276395,0.6188045,,,,,,0.012876438908278942,,,0.66666666666666663,0.33333333333333331,0,en-us,Adult
girl all for fours,1156637,RC1-Mod,10,AdultImage_Explicit##AdultImage_Suggestive##AdultImage_NonAdult,True,Labeler4##Labeler5##Labeler3,0.333333333333333,0.666666666666667,8/26/2019,0,0,https://i.pinimg.com/736x/1e/cc/05/1ecc05c6e4780bb626873edeac431f15--southern-style-southern-charm.jpg,https://www.pinterest.com/pin/524599056574974113/,STCAv2,414711,http://avatar-prod/CompareTwoResultQueryJudgments.aspx?job0=411339:1147535&job1=414711:1156637&qid=37032695&q=girl+all+for+fours,fr-fr Adult,IZFANKTK5Z4BcA,7cb7d892605e563701b8f01562a4324c,8_Dup,0,8_Score,0,8_Final,0,8_Adjust,0,8_AX,2,8_R9,0,8_RX,254,0.153976962,0.923336565,4.421884E-07,2.245681E-05,0.9999771,2.868669E-08,,0.0094165811315178871,10AB3D3B0000000043E0333900000000D707193D000000009DA4CE3900000000,0.002894107## 0## 0.0001715431## 0## 0.03736099## 0## 0.0003941403## 0,0.33333333333333331,0.33333333333333331,0,fr-fr,Adult
wanderer nackt,1158597,RC1-Mod,29,AdultImage_Explicit##AdultImage_Explicit##AdultImage_Suggestive,True,Labeler2##Labeler5##Labeler7,0.666666666666667,1,8/27/2019,0,0,https://bilder.t-online.de/b/71/57/37/64/id_71573764/tid_da/immer-nackt-aber-selten-frei-stephen-peter-gough-.jpg,http://www.t-online.de/nachrichten/panorama/justiz/id_71573758/-nackter-wanderer-brite-verliert-rechtsstreit-um-nacktheit-als-menschenrecht.html,STCAv2,415342,http://avatar-prod/CompareTwoResultQueryJudgments.aspx?job0=411506:1147933&job1=415342:1158597&qid=37033387&q=wanderer+nackt,de-de Adult,IsmFlZVUsVGXww,59d2958193175bea4bd1d9d3eed916a4,8_Dup,0,8_Score,0,8_Final,0,8_Adjust,0,8_AX,2,8_R9,0,8_RX,2,0.08442973,0.228588551,,,,,,0.0076610725373029709,C64BC23D000000001CB99C3E00000000C741DD3D00000000E2ED7C3E00000000,0.09487109## 0## 0.3060998## 0## 0.1080356## 0## 0.2470012## 0,0.66666666666666663,0.33333333333333331,0,de-de,Adult
cardi b gangster bitch,1155409,RC1-Prod,2,AdultImage_Hardcore##AdultImage_Suggestive##AdultImage_NonAdult,True,Labeler1##Labeler8##Labeler5,0.333333333333333,0.666666666666667,8/22/2019,0,0,https://i.ytimg.com/vi/s-PDwGGX4TM/maxresdefault.jpg,http://www.youtube.com/watch?v=s-PDwGGX4TM,STCAv2,414260,http://avatar-prod/CompareTwoResultQueryJudgments.aspx?job0=412971:1152185&job1=414260:1155409&qid=37130358&q=cardi+b+gangster+bitch,en-ca Adult,JDjJIbPe+Lnhng,1aa93c0e12da4bcdae0127e3076bb14b,8_Dup,0,8_Score,0,8_Final,0,8_Adjust,0,8_AX,62,8_R9,0,8_RX,139,0.114711411,0.135545477,,,,,,0.0029468915890902281,,,0.33333333333333331,0.33333333333333331,0,en-ca,Adult
bbw grabs balls during sex,1158593,RC1-Mod,22,AdultImage_NonAdult##AdultImage_NonAdult##AdultImage_NonAdult##AdultImage_Explicit##AdultImage_Explicit##AdultImage_Explicit,True,Labeler5##Labeler6##Labeler7##Labeler5##Labeler2##Labeler4,0.5,0.5,8/27/2019,0,0,https://pbs.twimg.com/media/A-0djRoCQAEXiLp.jpg,https://twitter.com/yamonwright,STCAv2,415341,http://avatar-prod/CompareTwoResultQueryJudgments.aspx?job0=410625:1145509&job1=415341:1158593&qid=37031454&q=bbw+grabs+balls+during+sex,en-us Adult,KyEavlb39kxH/A,3c9bd524d568621d7245436c7081734c,,,,,,,,,,,,,,,0.1660331,0.469088525,,,,,,0.00082846992881968617,A84AE53E0000000034164D3F00000000F7215E3F0000000032CE223F00000000,0.4478352## 0## 0.80112## 0## 0.8677058## 0## 0.6359588## 0,0.5,0,0,en-us,Adult
old dominating,1155409,RC1-Prod,7,AdultImage_Hardcore##AdultImage_Hardcore##AdultImage_NonAdult,True,Labeler2##Labeler3##Labeler7,0.666666666666667,0.666666666666667,8/22/2019,0,0,https://i.pinimg.com/originals/60/70/0f/60700f02b778c9c0a1f6ffb897d34125.jpg,https://www.pinterest.com/pin/456130268497946200/,STCAv2,414260,http://avatar-prod/CompareTwoResultQueryJudgments.aspx?job0=412971:1152185&job1=414260:1155409&qid=37129988&q=old+dominating,en-ca Adult,MFRc38VKLx4YHg,f7aa217543da8a13cf65afd986fe3c30,8_Dup,0,8_Score,0,8_Final,0,8_Adjust,0,8_AX,47,8_R9,0,8_RX,193,0.09366616,0.17926304,0.9999945,3.174961E-06,2.110799E-06,7.46312E-08,,0.068214237689971924,,,0.66666666666666663,0,0,en-ca,Adult
rosee divine,1158593,RC1-Mod,9,AdultImage_Explicit##AdultImage_Explicit##AdultImage_Suggestive,True,Labeler4##Labeler3##Labeler8,0.666666666666667,1,8/27/2019,0,0,https://78.media.tumblr.com/56db1e0b128636cc98cc290a0c026eaf/tumblr_p5jhp5SETO1x69ak1o1_500.jpg,https://www.tumblr.com/search/rosee%20divine,STCAv2,415341,http://avatar-prod/CompareTwoResultQueryJudgments.aspx?job0=410625:1145509&job1=415341:1158593&qid=1528320&q=rosee+divine,en-us Adult,MFfNSeir+dLu6A,ccfb0f2738620ce5a9217de4c7f4fad2,8_Dup,1,8_Score,1,8_Final,1,8_Adjust,1,8_AX,1,8_R9,0,8_RX,254,0.0496370532,0.671193361,,,,,,0.038910165429115295,,,0.66666666666666663,0.33333333333333331,0,en-us,Adult
bodystockings,1158593,RC1-Mod,25,AdultImage_Explicit##AdultImage_Suggestive##AdultImage_Suggestive##AdultImage_Suggestive##AdultImage_Suggestive##AdultImage_NonAdult,True,Labeler5##Labeler3##Labeler2##Labeler1##Labeler3##Labeler8,0.166666666666667,0.833333333333333,8/27/2019,0,0,https://cbu01.alicdn.com/img/ibank/2015/458/158/2643851854_1004550155.jpg,http://www.ebay.co.uk/itm/Mesh-Big-Fishnet-Dress-Bodystockings-Body-Stocking-Bodysuit-Nightwear-Lingerie3-/201930053862,STCAv2,415341,http://avatar-prod/CompareTwoResultQueryJudgments.aspx?job0=410625:1145509&job1=415341:1158593&qid=9517747&q=bodystockings,en-us Adult,Oq8pxVM4Er/1mg,067d3a4c7d3b9d18f0b3c348f16a8804,8_Dup,0,8_Score,0,8_Final,0,8_Adjust,0,8_AX,2,8_R9,0,8_RX,11,0.0169731285,0.09014213,0.007787489,0.9920431,0.0001623843,7.12818E-06,8_A#TAB#2#TAB#8_R#TAB#170#TAB#8_O#TAB#2,0.0068461191840469837,58FC2D3D000000001864D039000000004246283E000000001F93423A00000000,0.04247698## 0## 0.0003974743## 0## 0.1643305## 0## 0.0007422435## 0,0.16666666666666666,0.66666666666666663,0,en-us,Adult
hetai comic book pre teen girls experimenting together,1155409,RC1-Prod,9,AdultImage_Explicit##AdultImage_Explicit##AdultImage_NonAdult,True,Labeler4##Labeler8##Labeler6,0.666666666666667,0.666666666666667,8/22/2019,0,0,https://i.pinimg.com/236x/35/21/44/35214467d9d93aa51565cc89b36934c4--disney-sexy-velma-dinkley.jpg,https://www.pinterest.com/bindherup1970/velma-is-hot-too/,STCAv2,414260,http://avatar-prod/CompareTwoResultQueryJudgments.aspx?job0=412971:1152185&job1=414260:1155409&qid=37129929&q=hetai+comic+book+pre+teen+girls+experimenting+together,en-ca Adult,QagYjZ+I/Lt3+A,87b60b0a8937ebcc8891b7eed78d9998,8_Dup,0,8_Score,0,8_Final,0,8_Adjust,0,8_AX,2,8_R9,0,8_RX,254,0.106107108,0.322948724,0.999993,2.966486E-06,4.088421E-06,2.504519E-08,8_A#TAB#2#TAB#8_R#TAB#208#TAB#8_O#TAB#2,0.029576783999800682,5D6F433B00000000FD09033D000000003EC3203E00000000B2E0FC3C00000000,0.002982102## 0## 0.03199195## 0## 0.1569948## 0## 0.03086886## 0,0.66666666666666663,0,0,en-ca,Adult
tunneling abcess,1155409,RC1-Prod,11,AdultImage_Explicit##AdultImage_EducationalNudity##AdultImage_EducationalNudity,True,Labeler4##Labeler8##Labeler6,0.333333333333333,0.333333333333333,8/22/2019,0,0,https://i.pinimg.com/originals/69/00/df/6900dfd7c19800e67381ee01634f63de.jpg,https://www.pinterest.com/pin/744993963331707194/,STCAv2,414260,http://avatar-prod/CompareTwoResultQueryJudgments.aspx?job0=412971:1152185&job1=414260:1155409&qid=37129536&q=tunneling+abcess,en-ca Adult,U+O+wKz+N7Ac5Q,894459b30f172e7f2eb0c07228e25458,8_Dup,0,8_Score,0,8_Final,0,8_Adjust,0,8_AX,6,8_R9,0,8_RX,2,0.06629908,0.07547361,4.957486E-06,0.9999933,1.637873E-06,4.726553E-09,,0.0015157776651903987,925C623B00000000920FC4390000000013DF563D00000000FBD87F3A00000000,0.003454004## 0## 0.0003739563## 0## 0.05245883## 0## 0.0009759811## 0,0.33333333333333331,0,0,en-ca,Adult
tunneling abcess,1155409,RC1-Prod,24,AdultImage_Explicit##AdultImage_EducationalNudity##AdultImage_EducationalNudity,True,Labeler6##Labeler2##Labeler8,0.333333333333333,0.333333333333333,8/22/2019,0,0,http://towliat.com/wp-content/uploads/2014/04/pilonidal-sinus-123.jpg,http://towliat.com/en/pilonidal-sinus/,STCAv2,414260,http://avatar-prod/CompareTwoResultQueryJudgments.aspx?job0=412971:1152185&job1=414260:1155409&qid=37129536&q=tunneling+abcess,en-ca Adult,UESc4sbZiDiMjw,1584dba1efd3aad86c5c9adc428bc27e,8_Dup,0,8_Score,2,8_Final,2,8_Adjust,2,8_AX,2,8_R9,2,8_RX,2,0.05743366,0.0497401059,0.9999837,3.550023E-06,1.280455E-05,9.923303E-09,8_A#TAB#2#TAB#8_R#TAB#2#TAB#8_O#TAB#2,0.00076006149174645543,1C181F3D000000009C6D653C00000000D5EA833E00000000CF2D403A00000000,0.03884135## 0## 0.01400318## 0## 0.257651## 0## 0.0007331045## 0,0.33333333333333331,0,0,en-ca,Adult
kuroinu origa discordia dakimakura uncensored,1158593,RC1-Mod,15,AdultImage_Hardcore##AdultImage_Suggestive##AdultImage_Suggestive##AdultImage_Suggestive##AdultImage_Suggestive##AdultImage_NonAdult,True,Labeler3##Labeler6##Labeler5##Labeler7##Labeler8##Labeler6,0.166666666666667,0.833333333333333,8/27/2019,0,0,https://ae01.alicdn.com/kf/HTB1BlJKPpXXXXaKXFXXq6xXFXXX7/kuroinu-game-characters-lucullus-celestine-discordia-olga-pillow-cover-Alicia-Arcturus-cloe-Maia-Kaguya-Dakimakura.jpg,http://www.aliexpress.com/store/product/Kuroinu-Kedakaki-Seijo-wa-Hakudaku-ni-Somaru-character-Alicia-Arcturus-Chloe-throw-pillow-cover-Olga-Discordia/1111821_32684542933.html,STCAv2,415341,http://avatar-prod/CompareTwoResultQueryJudgments.aspx?job0=410625:1145509&job1=415341:1158593&qid=37031798&q=kuroinu+origa+discordia+dakimakura+uncensored,en-us Adult,V4KybeWlRO/fkg,931248decfaa29a66d29092da79a21f6,8_Dup,0,8_Score,0,8_Final,0,8_Adjust,0,8_AX,2,8_R9,0,8_RX,254,0.104917891,0.6667196,,,,,,0.0030694918241351843,1ED72E3D00000000CEA6CC390000000070510C3D0000000046E18D3A00000000,0.04268562## 0## 0.0003903419## 0## 0.03425735## 0## 0.001082458## 0,0.16666666666666666,0.66666666666666663,0,en-us,Adult
eighties lingerie swim,1158593,RC1-Mod,10,AdultImage_Suggestive##AdultImage_NonAdult##AdultImage_NonAdult##AdultImage_Explicit##AdultImage_Suggestive##AdultImage_Suggestive,True,Labeler7##Labeler1##Labeler2##Labeler3##Labeler8##Labeler4,0.166666666666667,0.666666666666667,8/27/2019,0,0,https://s-media-cache-ak0.pinimg.com/736x/34/48/f8/3448f8553595f041b93e2928d545cac3.jpg,https://www.pinterest.com/LingerieStars/vintage-swimsuits-and-bikinis-80s-and-90s/,STCAv2,415341,http://avatar-prod/CompareTwoResultQueryJudgments.aspx?job0=410625:1145509&job1=415341:1158593&qid=37031311&q=eighties+lingerie+swim,en-us Adult,VCwizI2fCuc/6Q,27e7d9aa6996af33b19ee4bf886a4e04,8_Dup,0,8_Score,0,8_Final,0,8_Adjust,0,8_AX,2,8_R9,0,8_RX,254,0.133229584,0.944232941,4.537669E-07,1.93317E-05,0.9999802,1.798386E-09,,0.020993787795305252,EC8F123C0000000006F85F3A00000000A616053E000000000989B63A00000000,0.008945446## 0## 0.0008543733## 0## 0.1299692## 0## 0.001392634## 0,0.16666666666666666,0.5,0,en-us,Adult
latin daddy thick uncut,1155409,RC1-Prod,18,AdultImage_Hardcore##AdultImage_Explicit##AdultImage_Explicit,True,Labeler2##Labeler3##Labeler4,1,1,8/22/2019,0,0,https://images-na.ssl-images-amazon.com/images/I/51lark1pZPL._SY300_QL70_.jpg,https://www.amazon.com/Unfaithful-Infidelidad-Unrated-REGION-America/dp/B001MP2FDC,STCAv2,414260,http://avatar-prod/CompareTwoResultQueryJudgments.aspx?job0=412971:1152185&job1=414260:1155409&qid=37129641&q=latin+daddy+thick+uncut,en-ca Adult,VFdd1X8f6/pMSg,76be9c2ece82518db59d750f39b336b2,8_Dup,0,8_Score,0,8_Final,0,8_Adjust,0,8_AX,2,8_R9,0,8_RX,2,0.154798955,0.184377834,0.999993,2.275774E-06,4.66542E-06,1.070963E-07,8_A#TAB#26#TAB#8_R#TAB#54#TAB#8_O#TAB#2,0.00010700104758143425,,,1,0,0,en-ca,Adult
bodystockings,1158593,RC1-Mod,2,AdultImage_Explicit##AdultImage_Suggestive##AdultImage_Suggestive##AdultImage_NonAdult##AdultImage_NonAdult##AdultImage_NonAdult,True,Labeler7##Labeler6##Labeler1##Labeler5##Labeler4##Labeler3,0.166666666666667,0.5,8/27/2019,0,0,http://www.galandoo.com/image/magictoolbox_cache/69e16b89224417ed674c242274ba3323/2/5/2507/original/858f273b3a1960d47fb3b959c41c3eca.jpg,http://www.galandoo.com/index.php?route=product/category&path=117_121,STCAv2,415341,http://avatar-prod/CompareTwoResultQueryJudgments.aspx?job0=410625:1145509&job1=415341:1158593&qid=9517747&q=bodystockings,en-us Adult,Y/3UZktBwqnWAg,4a519eb5f661e8046e4e6d41b5d62afd,8_Dup,2,8_Score,2,8_Final,64,8_Adjust,64,8_AX,2,8_R9,49,8_RX,2,0.0117639387,0.0201700125,,,,,,0.11310393363237381,F969E83D00000000817A103E00000000AA00963E00000000551BFD3B00000000,0.1134834## 0## 0.1410923## 0## 0.2929738## 0## 0.007724205## 0,0.16666666666666666,0.33333333333333331,0,en-us,Adult
topless jeans flat,1155409,RC1-Prod,7,AdultImage_NonAdult##AdultImage_NonAdult##AdultImage_NonAdult##AdultImage_NonAdult##AdultImage_NonAdult##AdultImage_NonAdult##AdultImage_Hardcore##AdultImage_Explicit##AdultImage_Suggestive,True,Labeler2##Labeler5##Labeler6##Labeler1##Labeler2##Labeler5##Labeler5##Labeler7##Labeler2,0.222222222222222,0.333333333333333,8/22/2019,0,0,http://iv1.lisimg.com/image/6533079/540full-taryn-davidson.jpg,http://www.listal.com/viewimage/6533079,STCAv2,414260,http://avatar-prod/CompareTwoResultQueryJudgments.aspx?job0=412971:1152185&job1=414260:1155409&qid=37130290&q=topless+jeans+flat,en-ca Adult,bIVTgSPmOIMoyg,4d19653f7e23663ace035a2c684cead3,8_Dup,1,8_Score,1,8_Final,1,8_Adjust,1,8_AX,1,8_R9,0,8_RX,1,0.02727178,0.119951107,9.40663E-06,3.127827E-06,0.9999875,2.175235E-08,,0.0027310580480843782,,,0.22222222222222221,0.1111111111111111,0,en-ca,Adult
maeva tele realite,1156637,RC1-Mod,19,AdultImage_NonAdult##AdultImage_NonAdult##AdultImage_NonAdult##AdultImage_Explicit##AdultImage_NonAdult##AdultImage_NonAdult##AdultImage_Explicit##AdultImage_Explicit##AdultImage_NonAdult##AdultImage_Explicit##AdultImage_NonAdult##AdultImage_NonAdult,True,Labeler3##Labeler2##Labeler8##Labeler6##Labeler2##Labeler8##Labeler3##Labeler4##Labeler2##Labeler3##Labeler1##Labeler6,0.333333333333333,0.333333333333333,8/26/2019,0,0,https://i0.wp.com/assets.potins.net/wp-content/uploads/2019/02/maeva.jpg?resize=800%2C600&ssl=1,https://www.potins.net/tele-realite/astrid-nelsia-repond-au-tacle-de-maeva-ghennam-sur-les-reseaux-sociaux-324639.html,STCAv2,414711,http://avatar-prod/CompareTwoResultQueryJudgments.aspx?job0=411339:1147535&job1=414711:1156637&qid=37031922&q=maeva+tele+realite,fr-fr Adult,brDRhXk4XQN5rQ,392354dd8da11a2ea5b7992b660ca78d,8_Dup,0,8_Score,0,8_Final,0,8_Adjust,0,8_AX,2,8_R9,0,8_RX,2,0.0177927632,0.06618851,,,,,,0.014831471256911755,,,0.33333333333333331,0,0,fr-fr,Adult
old dominating,1155409,RC1-Prod,4,AdultImage_Hardcore##AdultImage_Hardcore##AdultImage_Suggestive,True,Labeler8##Labeler6##Labeler4,0.666666666666667,1,8/22/2019,0,0,https://s-media-cache-ak0.pinimg.com/originals/e0/89/70/e08970240bcc00166f749634613ed426.jpg,https://www.pinterest.com/pin/396457573434549234/,STCAv2,414260,http://avatar-prod/CompareTwoResultQueryJudgments.aspx?job0=412971:1152185&job1=414260:1155409&qid=37129988&q=old+dominating,en-ca Adult,eTCSCy5Z+KqngQ,e08970240bcc00166f749634613ed426,8_Dup,0,8_Score,0,8_Final,0,8_Adjust,0,8_AX,2,8_R9,0,8_RX,254,0.2220049,0.6712604,,,,,,0.013069875538349152,1EFE773B000000000DCE0C3B00000000E7949A3D000000009FE1523A00000000,0.003784067## 0## 0.002148512## 0## 0.07547932## 0## 0.0008044484## 0,0.66666666666666663,0.33333333333333331,0,en-ca,Adult
rosee divine,1158593,RC1-Mod,29,AdultImage_Suggestive##AdultImage_Suggestive##AdultImage_Suggestive##AdultImage_Explicit##AdultImage_Suggestive##AdultImage_Suggestive,True,A2BELXEEQTFLXE##A3KCUB6P3IE8NL##A3NREIZUPH4I1K##Labeler7##Labeler6##Labeler5,3.338321E-09,1,8/27/2019,0,0,http://rapsandhustles.com/wp-content/uploads/2011/10/rosee-divine-delanthony-dynastyseries-1.jpg,http://www.thecoli.com/threads/drake-in-amsterdam-having-dinner-with-porn-stars-this-niqqa-lmao-update-pregnancy-claims.505887/page-15,MTurk,415341,http://avatar-prod/CompareTwoResultQueryJudgments.aspx?job0=410625:1145509&job1=415341:1158593&qid=1528320&q=rosee+divine,en-us Adult,fyt7Ou6uqF7p6A,a5d7eda31963ec2bc37f0fd886836b9c,8_Dup,1,8_Score,1,8_Final,1,8_Adjust,1,8_AX,1,8_R9,254,8_RX,254,0.2546922,0.859965563,3.922887E-07,1.124986E-05,0.9999883,7.372297E-09,8_A#TAB#1#TAB#8_R#TAB#254#TAB#8_O#TAB#2,0.27047261595726013,,,0.16666666666666666,0.83333333333333337,0,en-us,Adult
bbw grabs balls during sex,1158593,RC1-Mod,21,AdultImage_NonAdult##AdultImage_NonAdult##AdultImage_NonAdult##AdultImage_Hardcore##AdultImage_Hardcore##AdultImage_Hardcore,True,Labeler2##Labeler4##Labeler6##Labeler8##Labeler2##Labeler1,0.5,0.5,8/27/2019,0,0,http://68.media.tumblr.com/7735771b4475c0635433d3f95f4cf724/tumblr_odvhoi4g3X1tcc457o10_500.gif,http://www.tumbex.com/tumblr/tuttosesso/photo/tagged/hailey%20leigh,STCAv2,415341,http://avatar-prod/CompareTwoResultQueryJudgments.aspx?job0=410625:1145509&job1=415341:1158593&qid=37031454&q=bbw+grabs+balls+during+sex,en-us Adult,hi9hMLXXwC6Mbg,697722815c24a7c3a803f6d3f375826f,8_Dup,1,8_Score,1,8_Final,1,8_Adjust,1,8_AX,1,8_R9,0,8_RX,254,0.138318732,0.4278171,4.77073E-07,1.431459E-06,0.9999981,3.900768E-08,8_A#TAB#1#TAB#8_R#TAB#254#TAB#8_O#TAB#2,0.024246936663985252,9B37543F00000000E5E8533F00000000191C453F0000000061DF263F00000000,0.8289735## 0## 0.8277724## 0## 0.76996## 0## 0.651846## 0,0.5,0,0,en-us,Adult
bodystockings,1158593,RC1-Mod,24,AdultImage_Explicit##AdultImage_Suggestive##AdultImage_Suggestive,True,Labeler7##Labeler5##Labeler8,0.333333333333333,1,8/27/2019,0,0,http://ep.yimg.com/ay/mydivascloset/open-cup-lace-front-bodystocking-2.jpg,http://www.mydivascloset.com/opcuplafrbo.html,STCAv2,415341,http://avatar-prod/CompareTwoResultQueryJudgments.aspx?job0=410625:1145509&job1=415341:1158593&qid=9517747&q=bodystockings,en-us Adult,i+ngOmOArcsG9w,f744bc41e0103bf70f0dca3cbd8e0f34,8_Dup,0,8_Score,0,8_Final,0,8_Adjust,0,8_AX,2,8_R9,0,8_RX,2,0.0242962521,0.07693695,2.913927E-06,0.9999961,1.08387E-06,1.133202E-08,8_A#TAB#2#TAB#8_R#TAB#228#TAB#8_O#TAB#2,0.0001067110788426362,D787453B00000000228CBE39000000000E63BF3B000000006D813E3900000000,0.003014078## 0## 0.0003634403## 0## 0.005840666## 0## 0.0001816803## 0,0.33333333333333331,0.66666666666666663,0,en-us,Adult
women spread to be licked,1155409,RC1-Prod,13,AdultImage_Hardcore##AdultImage_Suggestive##AdultImage_Gruesome,True,Labeler8##Labeler4##Labeler6,0.333333333333333,0.666666666666667,8/22/2019,0,0,https://media.giphy.com/media/1DrcFu1qzCP0Q/giphy.gif,http://giphy.com/gifs/miley-cyrus-horse-1DrcFu1qzCP0Q,STCAv2,414260,http://avatar-prod/CompareTwoResultQueryJudgments.aspx?job0=412971:1152185&job1=414260:1155409&qid=37129551&q=women+spread+to+be+licked,en-ca Adult,jSdt7odZF7Vl7g,eb217cbda519146d8897a84f109fa27d,8_Dup,1,8_Score,1,8_Final,1,8_Adjust,1,8_AX,1,8_R9,0,8_RX,254,0.4421427,0.5667588,0.0001443414,3.011942E-05,0.9998255,3.025163E-08,,0.0072492850013077259,F80AF83D00000000E339113C000000005C6A8A3E000000001E6F6F3B00000000,0.1211147## 0## 0.008863899## 0## 0.2703427## 0## 0.003653474## 0,0.33333333333333331,0.33333333333333331,0.33333333333333331,en-ca,Adult
balanite,1156637,RC1-Mod,7,AdultImage_Explicit##AdultImage_NonAdult##AdultImage_Gruesome,True,Labeler4##Labeler1##Labeler5,0.333333333333333,0.333333333333333,8/26/2019,0,0,http://www.ijstd.org/articles/2013/34/2/images/IndianJSexTransmDis_2013_34_2_123_120551_f3.jpg,http://www.goldbamboo.com/pictures-tl9319-tr1859.html,STCAv2,414711,http://avatar-prod/CompareTwoResultQueryJudgments.aspx?job0=411339:1147535&job1=414711:1156637&qid=7772582&q=balanite,fr-fr Adult,k23CqG+7XOEtyQ,a20728952ac4630819e06680e7a6f510,8_Dup,214,8_Score,116,8_Final,67,8_Adjust,67,8_AX,2,8_R9,209,8_RX,2,0.0275666956,0.091907,0.05944509,0.8633508,0.0768778,0.00032623,,0.12200780212879181,36B30E3E00000000ABB2493C000000004EE60B3E00000000D7CB133E00000000,0.1393555## 0## 0.01231066## 0## 0.1366207## 0## 0.1443323## 0,0.33333333333333331,0,0.33333333333333331,fr-fr,Adult
buttered up buns with dick,1158593,RC1-Mod,17,AdultImage_Explicit##AdultImage_Explicit##AdultImage_Suggestive,True,Labeler4##Labeler3##Labeler8,0.666666666666667,1,8/27/2019,0,0,http://media3.giphy.com/media/VWjb4jBPSwOLm/giphy.gif,http://www.urbandictionary.com/define.php?term=dickbutt,STCAv2,415341,http://avatar-prod/CompareTwoResultQueryJudgments.aspx?job0=410625:1145509&job1=415341:1158593&qid=37031742&q=buttered+up+buns+with+dick,en-us Adult,lPboojPR8n/cpQ,55f67cf16fcfd230691e6d5f87dd5d24,8_Dup,0,8_Score,0,8_Final,0,8_Adjust,0,8_AX,2,8_R9,0,8_RX,228,0.0348933078,0.08909829,0.9999993,2.22787E-07,4.888955E-07,8.986988E-10,,0.040671501308679581,46980C3E000000000FAC9D3B000000003933EC3D00000000AA41CF3A00000000,0.1372996## 0## 0.004811771## 0## 0.1153321## 0## 0.001581242## 0,0.66666666666666663,0.33333333333333331,0,en-us,Adult
fnue,1156637,RC1-Mod,19,AdultImage_Explicit##AdultImage_Explicit##AdultImage_NonAdult,True,Labeler2##Labeler6##Labeler5,0.666666666666667,0.666666666666667,8/26/2019,0,0,https://www.ecranlarge.com/uploads/image/000/554/original-561987-879.jpg,https://www.ecranlarge.com/films/840997-point-limite-zero,STCAv2,414711,http://avatar-prod/CompareTwoResultQueryJudgments.aspx?job0=411339:1147535&job1=414711:1156637&qid=37031985&q=fnue,fr-fr Adult,mWoqmowtFTpjgA,a40e2b928f6792ffdcff89d9a49af667,8_Dup,0,8_Score,0,8_Final,0,8_Adjust,0,8_AX,2,8_R9,0,8_RX,2,0.102622628,0.160988644,,,,,,0.0036273051518946886,,,0.66666666666666663,0,0,fr-fr,Adult
balanite,1156637,RC1-Mod,18,AdultImage_EducationalNudity##AdultImage_NonAdult##AdultImage_Suggestive##AdultImage_NonAdult##AdultImage_Explicit##AdultImage_EducationalNudity##AdultImage_Gruesome##AdultImage_NonAdult##AdultImage_NonAdult##AdultImage_Gruesome,True,A2QVIYEWFBJIBK##A21F2N8KRUFPSX##A1BV7EFMID3RDO##A2ADJMO29TDDSA##Labeler8##Labeler7##Labeler5##Labeler8##Labeler3##Labeler2,6.151747E-05,0.07909761747,8/26/2019,0,0,http://farm4.staticflickr.com/3637/3571422616_4b980371f3.jpg,http://www.picstopin.com/612/balanite-domande-e-risposte-lui-a-letto/http:%7C%7Cluialetto*files*wordpress*com%7C2012%7C03%7Cdomande-su-balanite*jpg/,MTurk,414711,http://avatar-prod/CompareTwoResultQueryJudgments.aspx?job0=411339:1147535&job1=414711:1156637&qid=7772582&q=balanite,fr-fr Adult,nrdNa4HJ83hA8g,010f493f1b35dfa5988db547ecaa604e,8_Dup,1,8_Score,1,8_Final,1,8_Adjust,1,8_AX,1,8_R9,109,8_RX,1,0.180861115,0.244571477,,,,,,0.0002190313,2D06373D0000000026F5953A000000000772F13C000000005FEA9D3A00000000,0.04468362## 0## 0.001144086## 0## 0.02947332## 0## 0.0012048## 0,0.1,0.1,0.2,fr-fr,Adult
rocco intimate castings gif,1155409,RC1-Prod,26,AdultImage_Hardcore##AdultImage_Suggestive##AdultImage_Suggestive,True,Labeler3##Labeler7##Labeler2,0.333333333333333,1,8/22/2019,0,0,https://d.wattpad.com/story_parts/582985675/images/153423b85ce1e042604756378471.gif,https://www.wattpad.com/582985675-the-love-million-tears-sudah-di-terbitkan,STCAv2,414260,http://avatar-prod/CompareTwoResultQueryJudgments.aspx?job0=412971:1152185&job1=414260:1155409&qid=37130396&q=rocco+intimate+castings+gif,en-ca Adult,pEEktaVxshn+gA,b02b472db2030fe43bfcc53fb09b5f30,8_Dup,0,8_Score,0,8_Final,0,8_Adjust,0,8_AX,2,8_R9,0,8_RX,27,0.150449425,0.251809478,,,,,,0.00049622176447883248,C65E8D3D00000000EE07A93A00000000026E683E000000004C9D113B00000000,0.06902842## 0## 0.001289604## 0## 0.2269821## 0## 0.0022219## 0,0.33333333333333331,0.66666666666666663,0,en-ca,Adult
eighties lingerie swim,1158593,RC1-Mod,8,AdultImage_Suggestive##AdultImage_Suggestive##AdultImage_NonAdult##AdultImage_Explicit##AdultImage_Explicit##AdultImage_Suggestive,True,Labeler8##Labeler6##Labeler4##Labeler4##Labeler3##Labeler5,0.333333333333333,0.833333333333333,8/27/2019,0,0,https://i.pinimg.com/originals/51/5e/f7/515ef7419aaf14e76de85186c1ff5582.jpg,https://www.pinterest.com/pin/294845106826418492/,STCAv2,415341,http://avatar-prod/CompareTwoResultQueryJudgments.aspx?job0=410625:1145509&job1=415341:1158593&qid=37031311&q=eighties+lingerie+swim,en-us Adult,qYpEJO2Fmx5Cfg,515ef7419aaf14e76de85186c1ff5582,8_Dup,1,8_Score,1,8_Final,1,8_Adjust,1,8_AX,1,8_R9,0,8_RX,254,0.103077739,0.9316683,,,,,,0.0060818907804787159,C1E5A43B00000000859FEE3A00000000D93F463D0000000048EEC33B00000000,0.005032272## 0## 0.00182055## 0## 0.04840073## 0## 0.005979333## 0,0.33333333333333331,0.5,0,en-us,Adult
geile stuten,1158597,RC1-Mod,3,AdultImage_Suggestive##AdultImage_NonAdult##AdultImage_NonAdult##AdultImage_Hardcore##AdultImage_Hardcore##AdultImage_Suggestive,True,Labeler2##Labeler7##Labeler1##Labeler5##Labeler7##Labeler3,0.333333333333333,0.666666666666667,8/27/2019,0,0,https://c8.alamy.com/comp/AXRXDG/connamara-stallion-covering-connemara-mare-AXRXDG.jpg,https://www.alamy.com/stock-photo-connamara-stallion-covering-connemara-mare-16908795.html,STCAv2,415342,http://avatar-prod/CompareTwoResultQueryJudgments.aspx?job0=411506:1147933&job1=415342:1158597&qid=37032912&q=geile+stuten,de-de Adult,qop++WVLb516eA,9d6885213ec136d01fe63321a7a1fbb2,8_Dup,0,8_Score,0,8_Final,0,8_Adjust,0,8_AX,2,8_R9,0,8_RX,2,0.02312173,0.0243117958,0.9999987,4.010282E-07,9.292476E-07,5.392902E-08,8_A#TAB#2#TAB#8_R#TAB#2#TAB#8_O#TAB#2,0.0073942416347563267,3388923D000000008FE4AD3B00000000C1AA203F00000000DA56BA3B00000000,0.07154884## 0## 0.005306787## 0## 0.6276055## 0## 0.005686623## 0,0.33333333333333331,0.33333333333333331,0,de-de,Adult
wheelchair friends kiss,1158593,RC1-Mod,27,AdultImage_NonAdult##AdultImage_NonAdult##AdultImage_NonAdult##AdultImage_Hardcore##AdultImage_NonAdult##AdultImage_NonAdult##AdultImage_NonAdult##AdultImage_NonAdult##AdultImage_NonAdult,True,Labeler1##Labeler2##Labeler3##Labeler8##Labeler1##Labeler2##Labeler6##Labeler7##Labeler5,0.111111111111111,0.111111111111111,8/27/2019,0,0,https://s-media-cache-ak0.pinimg.com/736x/fb/11/cf/fb11cf7d474042b36c3af9c0905c0e98.jpg,https://www.pinterest.com/pin/437201076296906347/,STCAv2,415341,http://avatar-prod/CompareTwoResultQueryJudgments.aspx?job0=410625:1145509&job1=415341:1158593&qid=37031489&q=wheelchair+friends+kiss,en-us Adult,sN3TvHPWZrvGkA,bd2d6499a8c012deb334160156ca0f74,8_Dup,0,8_Score,2,8_Final,121,8_Adjust,121,8_AX,2,8_R9,2,8_RX,2,0.125811011,0.12205556,0.4231549,0.0696174,0.5044198,0.002807961,8_A#TAB#35#TAB#8_R#TAB#180#TAB#8_O#TAB#2,0.0021039275452494621,61CD883D00000000E58B873C000000005A98B23E00000000EBC0AC3B00000000,0.06679798## 0## 0.0165462## 0## 0.3488186## 0## 0.005272021## 0,0.1111111111111111,0,0,en-us,Adult
w√ºrdest du eher,1158597,RC1-Mod,1,AdultImage_Hardcore##AdultImage_Hardcore##AdultImage_NonAdult,True,Labeler1##Labeler7##Labeler2,0.666666666666667,0.666666666666667,8/27/2019,0,0,https://i.ytimg.com/vi/Bfi2XERH1XQ/maxresdefault.jpg,https://www.youtube.com/watch?v=Bfi2XERH1XQ,STCAv2,415342,http://avatar-prod/CompareTwoResultQueryJudgments.aspx?job0=411506:1147933&job1=415342:1158597&qid=37033421&q=w%c3%bcrdest+du+eher,de-de Adult,t49odP9amfmL+g,df66bd5d772f3daa97ba3c9766892c73,8_Dup,0,8_Score,0,8_Final,0,8_Adjust,0,8_AX,2,8_R9,0,8_RX,2,0.008846428,0.0128177637,0.9999998,3.397323E-08,2.189078E-07,8.92225E-09,8_A#TAB#2#TAB#8_R#TAB#2#TAB#8_O#TAB#2,0.00027769786538556218,7E247F3D000000007AF3B03A00000000B143223E000000008E65253A00000000,0.06229066## 0## 0.00135003## 0## 0.1584613## 0## 0.0006309383## 0,0.66666666666666663,0,0,de-de,Adult
cardi b gangster bitch,1155409,RC1-Prod,0,AdultImage_Hardcore##AdultImage_Suggestive##AdultImage_Suggestive,True,Labeler1##Labeler8##Labeler6,0.333333333333333,1,8/22/2019,0,0,http://freddyo.com/wp-content/uploads/2016/03/cardi-b-mixtape-freddyo.jpg,http://freddyo.com/press-play-cardib-presents-cover-art-for-mixtap-gangster-bitch-music-vol-1/,STCAv2,414260,http://avatar-prod/CompareTwoResultQueryJudgments.aspx?job0=412971:1152185&job1=414260:1155409&qid=37130358&q=cardi+b+gangster+bitch,en-ca Adult,tuLsf6bv62rWmQ,5f22c801d0bd87d674ff9feb82040635,8_Dup,0,8_Score,0,8_Final,0,8_Adjust,0,8_AX,2,8_R9,0,8_RX,173,0.125480428,0.1492217,,,,,,0.0028790226206183434,D423033E000000009383503C000000004082903E000000009B9EC13B00000000,0.1280664## 0## 0.01272668## 0## 0.2822437## 0## 0.0059088## 0,0.33333333333333331,0.66666666666666663,0,en-ca,Adult
kuroinu origa discordia dakimakura uncensored,1158593,RC1-Mod,7,AdultImage_Explicit##AdultImage_Explicit##AdultImage_NonAdult,True,Labeler7##Labeler3##Labeler5,0.666666666666667,0.666666666666667,8/27/2019,0,0,https://www.picclickimg.com/d/l400/pict/292654118673_/Anime-Kuroinu-Dakimakura-Olga-Discordia-Pillow-Case-Cover.jpg,https://picclick.com/Kuroinu-Dakimakura-Olga-Discordia-Anime-Girl-Hugging-Body-302393559379.html,STCAv2,415341,http://avatar-prod/CompareTwoResultQueryJudgments.aspx?job0=410625:1145509&job1=415341:1158593&qid=37031798&q=kuroinu+origa+discordia+dakimakura+uncensored,en-us Adult,y20DMOU+NligEQ,096a7803ff23b59eb183cd1a6a5b339a,8_Dup,0,8_Score,0,8_Final,0,8_Adjust,0,8_AX,2,8_R9,0,8_RX,254,0.126882508,0.8485782,8.296316E-07,4.801575E-06,0.9999943,7.531917E-08,,0.0016709446208551526,,,0.66666666666666663,0,0,en-us,Adult
cum eating creampie pussy,1158593,RC1-Mod,0,AdultImage_BadLanguage##AdultImage_NonAdult##AdultImage_NonAdult##AdultImage_Hardcore##AdultImage_Hardcore##AdultImage_Hardcore,True,Labeler3##Labeler1##Labeler5##Labeler1##Labeler2##Labeler8,0.666666666666667,0.666666666666667,8/27/2019,0,0,https://31.media.tumblr.com/tumblr_m97ui2oX5O1r3wk2yo1_1280.jpg,https://megapornpics.com/cum-on-my-tongue/,STCAv2,415341,http://avatar-prod/CompareTwoResultQueryJudgments.aspx?job0=410625:1145509&job1=415341:1158593&qid=21901127&q=cum+eating+creampie+pussy,en-us Adult,,,8_Dup,1,8_Score,1,8_Final,1,8_Adjust,1,8_AX,1,8_R9,0,8_RX,1,,,,,,,,,,,0.5,0,0.16666666666666666,en-us,Adult
bbw grabs balls during sex,1158593,RC1-Mod,6,AdultImage_NonAdult##AdultImage_NonAdult##AdultImage_NonAdult##AdultImage_NonAdult##AdultImage_NonAdult##AdultImage_NonAdult##AdultImage_Hardcore##AdultImage_Hardcore##AdultImage_Hardcore,True,Labeler6##Labeler8##Labeler2##Labeler3##Labeler5##Labeler7##Labeler8##Labeler4##Labeler3,0.333333333333333,0.333333333333333,8/27/2019,0,0,https://media.giphy.com/media/bpxaSMwLakeDS/giphy.gif,https://giphy.com/gifs/bpxaSMwLakeDS,STCAv2,415341,http://avatar-prod/CompareTwoResultQueryJudgments.aspx?job0=410625:1145509&job1=415341:1158593&qid=37031454&q=bbw+grabs+balls+during+sex,en-us Adult,0VA82wpDxkKQDw,c854869c83561f225949835df10cad24,8_Dup,0,8_Score,0,8_Final,0,8_Adjust,0,8_AX,1,8_R9,0,8_RX,1,0.206998,0.392722964,0.2707308,0.5702996,0.1583269,0.0006427101,,0.73576533794403076,D6798B3D00000000AC92ED3A00000000C984DA3E00000000839F993B00000000,0.06810348## 0## 0.001812538## 0## 0.4267943## 0## 0.004688205## 0,0.33333333333333331,0,0,en-us,Adult
women spread to be licked,1155409,RC1-Prod,0,NoLoad##AdultImage_Explicit##AdultImage_Suggestive##AdultImage_NonAdult,True,ImageDownloader##Labeler3##Labeler7##Labeler2,0.333333333333333,0.666666666666667,8/22/2019,0,0,https://i2-prod.mirror.co.uk/incoming/article7009533.ece/ALTERNATES/s615b/Zlata-the-worlds-most-flexible-woman.jpg,https://www.mirror.co.uk/news/weird-news/racy-calendar-worlds-bendiest-woman-7009171,STCAv2,414260,http://avatar-prod/CompareTwoResultQueryJudgments.aspx?job0=412971:1152185&job1=414260:1155409&qid=37129551&q=women+spread+to+be+licked,en-ca Adult,2D2LZsm/bEPv4Q,5dbf4b8c885f9333e8acfc4766875b2c,8_Dup,1,8_Score,1,8_Final,1,8_Adjust,1,8_AX,1,8_R9,0,8_RX,254,0.227522522,0.680702865,,,,,,0.0034755226224660873,,,0.25,0.25,0,en-ca,Adult
wheelchair friends kiss,1158593,RC1-Mod,20,AdultImage_NonAdult##AdultImage_NonAdult##AdultImage_NonAdult##AdultImage_NonAdult##AdultImage_NonAdult##AdultImage_NonAdult##AdultImage_Hardcore##AdultImage_Suggestive##AdultImage_Suggestive,True,Labeler1##Labeler7##Labeler2##Labeler3##Labeler4##Labeler6##Labeler6##Labeler7##Labeler5,0.111111111111111,0.333333333333333,8/27/2019,0,0,https://media.giphy.com/media/wz2stzuvbvAeQ/giphy.gif,http://giphy.com/search/entertainment/3,STCAv2,415341,http://avatar-prod/CompareTwoResultQueryJudgments.aspx?job0=410625:1145509&job1=415341:1158593&qid=37031489&q=wheelchair+friends+kiss,en-us Adult,2lWmE0pKb3E7cg,9747a4a44c7c7ee9cf0df156aaf6b24c,8_Dup,1,8_Score,1,8_Final,1,8_Adjust,1,8_AX,1,8_R9,0,8_RX,255,0.070011124,0.0962297842,,,,,,0.010255195200443268,6166973B00000000D5A79C3B000000003AF7193E00000000AE07B03B00000000,0.004620359## 0## 0.004780749## 0## 0.1503572## 0## 0.005372009## 0,0.1111111111111111,0.22222222222222221,0,en-us,Adult
old dominating,1155409,RC1-Prod,12,AdultImage_NonAdult##AdultImage_NonAdult##AdultImage_NonAdult##AdultImage_Hardcore##AdultImage_NonAdult##AdultImage_NonAdult,True,Labeler6##Labeler7##Labeler8##Labeler8##Labeler1##Labeler2,0.166666666666667,0.166666666666667,8/22/2019,0,0,https://s-media-cache-ak0.pinimg.com/originals/f7/89/41/f78941e99df477ca371cf363d0a6cd75.jpg,https://www.pinterest.com/pin/536561743086619015/,STCAv2,414260,http://avatar-prod/CompareTwoResultQueryJudgments.aspx?job0=412971:1152185&job1=414260:1155409&qid=37129988&q=old+dominating,en-ca Adult,6YW8bmgZ9mKHug,f78941e99df477ca371cf363d0a6cd75,8_Dup,0,8_Score,0,8_Final,0,8_Adjust,0,8_AX,2,8_R9,0,8_RX,254,0.166466773,0.918598235,1.916257E-07,0.9999985,1.296012E-06,2.217204E-09,,0.13105121254920959,934F523F000000004E29F93E00000000DDBF5D3F000000005ECE253F00000000,0.8215267## 0## 0.4866433## 0## 0.8662089## 0## 0.6476802## 0,0.16666666666666666,0,0,en-ca,Adult
elizabeth berkely fucking gif,1155409,RC1-Prod,11,AdultImage_Explicit##AdultImage_Explicit##AdultImage_Explicit##AdultImage_Explicit##AdultImage_Explicit##AdultImage_Explicit,True,Labeler8##Labeler6##Labeler5##Labeler8##Labeler6##Labeler5,1,1,8/22/2019,0,0,https://i1.wp.com/www.daiquirigirl.com/wp-content/uploads/2016/05/drYcRQP2OCghO.gif?resize=545%2C291,http://www.daiquirigirl.com/el-maquillaje-de-showgirls/,STCAv2,414260,http://avatar-prod/CompareTwoResultQueryJudgments.aspx?job0=412971:1152185&job1=414260:1155409&qid=37129816&q=elizabeth+berkely+fucking+gif,en-ca Adult,92FZMvGnWmyOvg,dbb91c97cf34060b3c54561292c0027b,8_Dup,0,8_Score,0,8_Final,0,8_Adjust,0,8_AX,2,8_R9,0,8_RX,2,0.0164323766,0.0465985276,,,,,,0.0019216653890907764,,,1,0,0,en-ca,Adult
rocco intimate castings gif,1155409,RC1-Prod,28,AdultImage_NonAdult##AdultImage_NonAdult##AdultImage_NonAdult##AdultImage_Hardcore##AdultImage_Suggestive##AdultImage_NonAdult,True,ALD60D8D5BKA2##A343DCRTGQUY30##A26RPQDD0RQEHL##Labeler7##Labeler4##Labeler1,5.484449E-06,1.5993449E-05,8/22/2019,0,0,http://media.tumblr.com/tumblr_laf4afAmA91qak46m.gif,https://xxgasm.com/photos/tumblr-climax-orgasm-gif/,MTurk,414260,http://avatar-prod/CompareTwoResultQueryJudgments.aspx?job0=412971:1152185&job1=414260:1155409&qid=37130396&q=rocco+intimate+castings+gif,en-ca Adult,BWZIHGl0p/9rHA,fb513a54c7bd7fa5965b08e5e9bad8df,8_Dup,1,8_Score,1,8_Final,1,8_Adjust,1,8_AX,1,8_R9,2,8_RX,255,0.015526522,0.0172249526,0.9999969,6.642022E-07,2.331864E-06,3.055245E-08,8_A#TAB#1#TAB#8_R#TAB#255#TAB#8_O#TAB#2,0.49528869986534119,EE2D7F3F00000000E326503F000000005DFF7C3F000000007A5B613F00000000,0.9967946## 0## 0.8130934## 0## 0.9882715## 0## 0.8803021## 0,0.16666666666666666,0.16666666666666666,0,en-ca,Adult
buttered up buns with dick,1158593,RC1-Mod,10,AdultImage_Explicit##AdultImage_Suggestive##AdultImage_Suggestive,True,Labeler4##Labeler3##Labeler8,0.333333333333333,1,8/27/2019,0,0,https://i.pinimg.com/736x/3c/f1/60/3cf160fd7e3b0aee4c1cbbc64d915f95--tan-man-muscle-bear.jpg,https://www.pinterest.com/pin/391391023837498505/,STCAv2,415341,http://avatar-prod/CompareTwoResultQueryJudgments.aspx?job0=410625:1145509&job1=415341:1158593&qid=37031742&q=buttered+up+buns+with+dick,en-us Adult,DqvQ+OBqbquQfQ,9180bd172e51fd822b3c16654c7d0192,8_Dup,0,8_Score,0,8_Final,0,8_Adjust,0,8_AX,2,8_R9,0,8_RX,254,0.08748411,0.83194834,8.665475E-06,0.9999908,5.131351E-07,4.430479E-09,,0.00051280582556501031,,,0.33333333333333331,0.66666666666666663,0,en-us,Adult
women spread to be licked,1155409,RC1-Prod,14,AdultImage_NonAdult##AdultImage_NonAdult##AdultImage_NonAdult##AdultImage_NonAdult##AdultImage_NonAdult##AdultImage_NonAdult##AdultImage_NonAdult##AdultImage_NonAdult##AdultImage_NonAdult##AdultImage_NonAdult##AdultImage_NonAdult##AdultImage_NonAdult##AdultImage_Explicit##AdultImage_Explicit##AdultImage_Suggestive,True,Labeler5##Labeler6##Labeler7##Labeler2##Labeler1##Labeler7##Labeler4##Labeler5##Labeler3##Labeler5##Labeler2##Labeler8##Labeler4##Labeler2##Labeler5,0.133333333333333,0.2,8/22/2019,0,0,https://s-media-cache-ak0.pinimg.com/564x/b5/2c/98/b52c98a1c448a94b5bb5b4513623c82f.jpg,https://www.pinterest.com/pin/410390584773789014/,STCAv2,414260,http://avatar-prod/CompareTwoResultQueryJudgments.aspx?job0=412971:1152185&job1=414260:1155409&qid=37129551&q=women+spread+to+be+licked,en-ca Adult,DyOuSZ+u6dhNyA,975a0e44041a6c7cafe2d6e3a5ebfeff,8_Dup,0,8_Score,0,8_Final,0,8_Adjust,0,8_AX,2,8_R9,0,8_RX,254,0.06060827,0.8772805,4.115768E-07,4.511508E-06,0.9999951,5.124064E-08,,0.023134620860219002,,,0.13333333333333333,0.066666666666666666,0,en-ca,Adult
rosee divine,1158593,RC1-Mod,20,AdultImage_Explicit##AdultImage_Explicit##AdultImage_Suggestive,True,Labeler7##Labeler8##Labeler5,0.666666666666667,1,8/27/2019,0,0,http://media-cache-ak0.pinimg.com/originals/81/99/5c/81995cb8cb27cef833679b8a8f82c584.jpg,http://pinterest.com/pin/457608012109103134,STCAv2,415341,http://avatar-prod/CompareTwoResultQueryJudgments.aspx?job0=410625:1145509&job1=415341:1158593&qid=1528320&q=rosee+divine,en-us Adult,EGX355g04G6G7Q,81995cb8cb27cef833679b8a8f82c584,8_Dup,1,8_Score,1,8_Final,1,8_Adjust,1,8_AX,1,8_R9,0,8_RX,254,0.371619135,0.9246485,4.206746E-07,0.9999388,6.069946E-05,8.656285E-10,,0.042201880365610123,691A873E0000000046B1AE3D00000000A9E55C3F0000000010CC4E3C00000000,0.2638734## 0## 0.08529906## 0## 0.8628793## 0## 0.01262189## 0,0.66666666666666663,0.33333333333333331,0,en-us,Adult
redbone curvy girl,1158593,RC1-Mod,2,AdultImage_Explicit##AdultImage_Suggestive##AdultImage_Suggestive,True,Labeler4##Labeler3##Labeler5,0.333333333333333,1,8/27/2019,0,0,https://i.pinimg.com/originals/ad/cf/b7/adcfb7343c786a894be657951efc3fc4.jpg,https://www.pinterest.de/pin/763149099330787760/,STCAv2,415341,http://avatar-prod/CompareTwoResultQueryJudgments.aspx?job0=410625:1145509&job1=415341:1158593&qid=37031590&q=redbone+curvy+girl,en-us Adult,Ew8MJiwWzdmmIw,05fd10565d5d23ee867112f0c33038ba,8_Dup,0,8_Score,0,8_Final,0,8_Adjust,0,8_AX,2,8_R9,0,8_RX,254,0.1142287,0.9425646,1.50738E-06,0.9999977,7.74627E-07,1.296543E-09,,0.69260615110397339,,,0.33333333333333331,0.66666666666666663,0,en-us,Adult
topless jeans flat,1155409,RC1-Prod,22,AdultImage_Explicit##AdultImage_Suggestive##AdultImage_NonAdult,True,Labeler3##Labeler7##Labeler2,0.333333333333333,0.666666666666667,8/22/2019,0,0,https://s-media-cache-ak0.pinimg.com/736x/f8/75/1c/f8751c6186cc7f9b492a325c7e6303b4.jpg,https://www.pinterest.com/cavemanj/in-dem-jeans/,STCAv2,414260,http://avatar-prod/CompareTwoResultQueryJudgments.aspx?job0=412971:1152185&job1=414260:1155409&qid=37130290&q=topless+jeans+flat,en-ca Adult,FIzOgMzk1gle4Q,dc60ede20df3f6861c4bdddecfea15b7,8_Dup,0,8_Score,0,8_Final,0,8_Adjust,0,8_AX,80,8_R9,0,8_RX,226,0.03987142,0.413878083,7.81827E-05,0.9999034,1.829667E-05,6.206791E-08,8_A#TAB#87#TAB#8_R#TAB#254#TAB#8_O#TAB#2,0.012736142612993717,9DDFFC3D0000000027A71B3F00000000B338853E000000003CD5B03C00000000,0.1234734## 0## 0.6080193## 0## 0.2601982## 0## 0.02158605## 0,0.33333333333333331,0.33333333333333331,0,en-ca,Adult
cardi b gangster bitch,1155409,RC1-Prod,7,AdultImage_Hardcore##AdultImage_Suggestive##AdultImage_NonAdult,True,Labeler3##Labeler5##Labeler4,0.333333333333333,0.666666666666667,8/22/2019,0,0,https://www.soundpadd.com/wp-content/uploads/2016/03/00-Cardi_B_Gangsta_Bitch_Music_Vol_1-front-large-fix.jpg,https://www.soundpadd.com/cardi-b-gangsta-bitch-music-vol-1-new-mixtape/,STCAv2,414260,http://avatar-prod/CompareTwoResultQueryJudgments.aspx?job0=412971:1152185&job1=414260:1155409&qid=37130358&q=cardi+b+gangster+bitch,en-ca Adult,FnUx4aiQdPblag,ab6505da89b24b08a03a848327e3c109,8_Dup,0,8_Score,0,8_Final,0,8_Adjust,0,8_AX,2,8_R9,0,8_RX,2,0.164815784,0.198762208,0.9724973,0.008090314,0.01940899,3.345164E-06,8_A#TAB#27#TAB#8_R#TAB#127#TAB#8_O#TAB#2,0.0085138780996203423,4874EA3C000000009DCFE93C00000000F4924D3D000000009B7D9B3C00000000,0.0286199## 0## 0.02854138## 0## 0.05018897## 0## 0.01898079## 0,0.33333333333333331,0.33333333333333331,0,en-ca,Adult
tumbex celebrity male fakes,1158593,RC1-Mod,17,AdultImage_Explicit##AdultImage_Explicit##AdultImage_NonAdult##AdultImage_Explicit##AdultImage_Explicit##AdultImage_Explicit,True,Labeler8##Labeler1##Labeler7##Labeler4##Labeler1##Labeler2,0.833333333333333,0.833333333333333,8/27/2019,0,0,https://66.media.tumblr.com/ce34df315b19b10262e44fbe563577ad/tumblr_oua0v8Ylii1w3pqjno3_1280.jpg,https://www.tumbex.com/ilikeyourfakes.tumblr/photo?page=660,STCAv2,415341,http://avatar-prod/CompareTwoResultQueryJudgments.aspx?job0=410625:1145509&job1=415341:1158593&qid=37031221&q=tumbex+celebrity+male+fakes,en-us Adult,GyDqzryfONfxNw,a63ec3d09779d18bc60290e992b3bc67,,,,,,,,,,,,,,,0.017212458,0.0199841522,,,,,,0.19956411421298981,,,0.83333333333333337,0,0,en-us,Adult
bodystockings,1158593,RC1-Mod,26,AdultImage_Explicit##AdultImage_Suggestive##AdultImage_Suggestive,True,Labeler7##Labeler5##Labeler8,0.333333333333333,1,8/27/2019,0,0,http://www.ohyeahlady.com/uploadfiles/product/Image/2013-03/2013030915263955599041.jpg,http://www.ohyeahlady.com/en/html/Class/77_4.html,STCAv2,415341,http://avatar-prod/CompareTwoResultQueryJudgments.aspx?job0=410625:1145509&job1=415341:1158593&qid=9517747&q=bodystockings,en-us Adult,IuT4SQfOXl93UA,cd64f38aa6a3e116fa102cd8cb04c5f8,8_Dup,0,8_Score,0,8_Final,0,8_Adjust,0,8_AX,2,8_R9,0,8_RX,101,0.06833753,0.09609045,,,,,,0.0017268041847273707,03CBD73D000000000078923B000000006A1BE63E000000006387FE3900000000,0.1053677## 0## 0.004469872## 0## 0.4494279## 0## 0.0004854753## 0,0.33333333333333331,0.66666666666666663,0,en-us,Adult
kuroinu origa discordia dakimakura uncensored,1158593,RC1-Mod,24,AdultImage_Suggestive##AdultImage_NonAdult##AdultImage_NonAdult##AdultImage_Hardcore##AdultImage_Suggestive##AdultImage_NonAdult,True,Labeler1##Labeler8##Labeler7##Labeler2##Labeler7##Labeler4,0.166666666666667,0.5,8/27/2019,0,0,https://i.ebayimg.com/images/i/122856405155-0-1/s-l1000.jpg,https://www.ebay.com/itm/Kuroinu-Nene-sm1827-Anime-Dakimakura-Body-Pillow-Case/122856405155,STCAv2,415341,http://avatar-prod/CompareTwoResultQueryJudgments.aspx?job0=410625:1145509&job1=415341:1158593&qid=37031798&q=kuroinu+origa+discordia+dakimakura+uncensored,en-us Adult,JPLkqaPP8UtBDg,0bf7cd63d52f3a226abdee699c4f95f9,8_Dup,0,8_Score,0,8_Final,0,8_Adjust,0,8_AX,53,8_R9,0,8_RX,37,0.136569485,0.224468514,,,,,,0.0020059808157384396,,,0.16666666666666666,0.33333333333333331,0,en-us,Adult
girl all for fours,1156637,RC1-Mod,0,AdultImage_Explicit##AdultImage_NonAdult##AdultImage_NonAdult,True,Labeler4##Labeler1##Labeler2,0.333333333333333,0.333333333333333,8/26/2019,0,0,http://image.shutterstock.com/z/stock-photo-girl-on-all-fours-in-beach-17735389.jpg,http://www.shutterstock.com/pic-17735389/stock-photo-girl-on-all-fours-in-beach.html,STCAv2,414711,http://avatar-prod/CompareTwoResultQueryJudgments.aspx?job0=411339:1147535&job1=414711:1156637&qid=37032695&q=girl+all+for+fours,fr-fr Adult,KjhoVXwH/Qlwfw,b7eda3b55e7d4651e83ba8b050a1d5db,8_Dup,0,8_Score,0,8_Final,0,8_Adjust,0,8_AX,2,8_R9,0,8_RX,153,0.0448214374,0.131130189,0.9958214,0.003091688,0.001056295,3.058604E-05,8_A#TAB#2#TAB#8_R#TAB#74#TAB#8_O#TAB#2,0.00013347853382583708,0D11943C000000006C5CC93A0000000009C4033D000000008FAFD43A00000000,0.01807454## 0## 0.001536263## 0## 0.03216938## 0## 0.001622664## 0,0.33333333333333331,0,0,fr-fr,Adult
latin daddy thick uncut,1155409,RC1-Prod,4,AdultImage_NonAdult##AdultImage_NonAdult##AdultImage_NonAdult##AdultImage_Explicit##AdultImage_Explicit##AdultImage_Explicit,True,Labeler5##Labeler6##Labeler7##Labeler5##Labeler2##Labeler4,0.5,0.5,8/22/2019,0,0,https://pbs.twimg.com/media/A-0djRoCQAEXiLp.jpg,https://twitter.com/yamonwright,STCAv2,414260,http://avatar-prod/CompareTwoResultQueryJudgments.aspx?job0=412971:1152185&job1=414260:1155409&qid=37129641&q=latin+daddy+thick+uncut,en-ca Adult,KyEavlb39kxH/A,3c9bd524d568621d7245436c7081734c,,,,,,,,,,,,,,,0.1660331,0.469088525,,,,,,0.00082846992881968617,A84AE53E0000000034164D3F00000000F7215E3F0000000032CE223F00000000,0.4478352## 0## 0.80112## 0## 0.8677058## 0## 0.6359588## 0,0.5,0,0,en-ca,Adult
rocco intimate castings gif,1155409,RC1-Prod,1,AdultImage_NonAdult##AdultImage_NonAdult##AdultImage_NonAdult##AdultImage_Hardcore##AdultImage_Suggestive##AdultImage_NonAdult##AdultImage_Suggestive##AdultImage_Suggestive##AdultImage_NonAdult,True,Labeler4##Labeler1##Labeler2##Labeler4##Labeler8##Labeler5##Labeler8##Labeler1##Labeler2,0.111111111111111,0.444444444444444,8/22/2019,0,0,https://78.media.tumblr.com/aaa91e551d4bc10c0ff815699942be64/tumblr_n6evz5gC391tv5jj9o2_400.gif,http://loelaloep.nl/sex-xxx-magyar/,STCAv2,414260,http://avatar-prod/CompareTwoResultQueryJudgments.aspx?job0=412971:1152185&job1=414260:1155409&qid=37130396&q=rocco+intimate+castings+gif,en-ca Adult,L8lyg3w7DKFjBA,e52cb5cc76ad04d8481da7763acb9738,8_Dup,1,8_Score,1,8_Final,1,8_Adjust,1,8_AX,1,8_R9,0,8_RX,215,0.3649138,0.213615134,0.006069592,0.0007548123,0.993168,7.586363E-06,8_A#TAB#1#TAB#8_R#TAB#1#TAB#8_O#TAB#2,0.24488522112369537,AA720B3F00000000150A5F3E0000000016BF633F00000000F059EF3D00000000,0.5447184## 0## 0.2178119## 0## 0.8896345## 0## 0.1168708## 0,0.1111111111111111,0.33333333333333331,0,en-ca,Adult
dessin jolie,1156637,RC1-Mod,24,AdultImage_Explicit##AdultImage_Explicit##AdultImage_NonAdult,True,Labeler3##Labeler8##Labeler7,0.666666666666667,0.666666666666667,8/26/2019,0,0,http://dessins-elise.fr/wp-content/uploads/2017/02/portrait-dessin-jolie-vahin√©-√†-la-fleur-de-Tiar√©.jpg,https://dessins-elise.fr/portrait-dessin-jolie-vahine-a-la-fleur-de-tiare/,STCAv2,414711,http://avatar-prod/CompareTwoResultQueryJudgments.aspx?job0=411339:1147535&job1=414711:1156637&qid=37032450&q=dessin+jolie,fr-fr Adult,LkJ+DeYJQCbQ6w,e9e5f618e3a9aef32d65f654f7ea33a3,8_Dup,0,8_Score,0,8_Final,0,8_Adjust,0,8_AX,2,8_R9,0,8_RX,2,0.0935832858,0.158051759,,,,,,0.0021264324896037579,D90EA43D00000000BB00933C00000000E53CA03D00000000B913383C00000000,0.08010644## 0## 0.01794468## 0## 0.07824115## 0## 0.01123517## 0,0.66666666666666663,0,0,fr-fr,Adult
loli flat rape gif,1155409,RC1-Prod,1,AdultImage_NonAdult##AdultImage_NonAdult##AdultImage_NonAdult##AdultImage_Hardcore##AdultImage_Hardcore##AdultImage_Hardcore##AdultImage_NonAdult##AdultImage_NonAdult##AdultImage_Hardcore##AdultImage_Hardcore##AdultImage_Hardcore##AdultImage_Hardcore##AdultImage_Hardcore##AdultImage_Hardcore,True,Labeler7##Labeler1##Labeler3##A3114GI9EXULE2##A1TEQTP52NS7D1##A12BCY88P0HRG5##A3OD4F0SA7EBCL##A3SJCB0KQQW51T##Labeler6##Labeler1##Labeler2##Labeler4##Labeler6##Labeler1,0.999999000538853,0.999999002513331,8/22/2019,0,0,http://31.media.tumblr.com/f3d3f237d7c70bd3251d0bdb603e6baf/tumblr_mu6dbxflq81rhm734o1_400.gif,https://wifflegif.com/tags/320660-dry-humping-gifs,STCAv2,414260,http://avatar-prod/CompareTwoResultQueryJudgments.aspx?job0=412971:1152185&job1=414260:1155409&qid=37129803&q=loli+flat+rape+gif,en-ca Adult,M/d8RiTXiraelQ,e55cabf94fc5046bfd4d8d931bdce0c3,8_Dup,1,8_Score,254,8_Final,1,8_Adjust,1,8_AX,1,8_R9,0,8_RX,1,0.06425714,0.353031,0.9999937,1.000656E-06,5.314196E-06,5.35773E-08,,0.011249974370002747,1626343F000000007DB4923E00000000314B763F000000002B08843E00000000,0.7037061## 0## 0.2865333## 0## 0.9620848## 0## 0.2578748## 0,0.6428571428571429,0,0,en-ca,Adult
proxy open tips young porn gifs,1158593,RC1-Mod,9,AdultImage_NonAdult##AdultImage_NonAdult##AdultImage_NonAdult##AdultImage_Hardcore##AdultImage_Hardcore##AdultImage_Hardcore##AdultImage_Hardcore##AdultImage_Hardcore##AdultImage_Hardcore,True,Labeler6##Labeler7##Labeler8##Labeler4##Labeler6##Labeler1##Labeler8##Labeler4##Labeler3,0.666666666666667,0.666666666666667,8/27/2019,0,0,http://68.media.tumblr.com/d71301e6d2d712b19eb40e4fb1bee121/tumblr_o9npjtaGFs1vvt935o3_400.gif,http://www.tumbex.com/tumblr/18cock/photo?tag=abella%20anderson,STCAv2,415341,http://avatar-prod/CompareTwoResultQueryJudgments.aspx?job0=410625:1145509&job1=415341:1158593&qid=37031374&q=proxy+open+tips+young+porn+gifs,en-us Adult,Mbi+urU77hSj1Q,b759dc43b06f98717e2218aaa6b0b6fc,8_Dup,1,8_Score,1,8_Final,1,8_Adjust,1,8_AX,1,8_R9,0,8_RX,255,0.0512031019,0.043105077,,,,,,0.00979647133499384,,,0.66666666666666663,0,0,en-us,Adult
wheelchair friends kiss,1158593,RC1-Mod,18,AdultImage_Explicit##AdultImage_NonAdult##AdultImage_NonAdult##AdultImage_Hardcore##AdultImage_NonAdult##AdultImage_NonAdult##NoLoad,True,Labeler1##Labeler2##Labeler3##Labeler2##Labeler6##Labeler1##ImageDownloader,0.333333333333333,0.333333333333333,8/27/2019,0,0,http://s1.favim.com/orig/15/couple-friends-hug-love-Favim.com-185269.jpg,http://favim.com/image/185269/,STCAv2,415341,http://avatar-prod/CompareTwoResultQueryJudgments.aspx?job0=410625:1145509&job1=415341:1158593&qid=37031489&q=wheelchair+friends+kiss,en-us Adult,MzEgbjdg5oIukw,1638b4e2e33f39b254d06d071db409e4,8_Dup,1,8_Score,1,8_Final,1,8_Adjust,1,8_AX,1,8_R9,254,8_RX,254,0.108217232,0.2478155,,,,,,0.0044218152761459351,BBE3F13C000000004ECECC3B0000000079519F3E00000000B0338E3E00000000,0.02952754## 0## 0.006250179## 0## 0.3111685## 0## 0.2777381## 0,0.2857142857142857,0,0,en-us,Adult
poitrine nu,1156637,RC1-Mod,9,AdultImage_Explicit##AdultImage_NonAdult##AdultImage_NonAdult,True,Labeler3##Labeler1##Labeler8,0.333333333333333,0.333333333333333,8/26/2019,0,0,http://www.sudinfo.be/sites/default/files/dpistyles_v2/sp_4_3_inline/2018/05/15/node_54154/27155584/public/2018/05/15/B9715715429Z.1_20180515141238_000+G45B9QRC6.2-0.jpg?itok=OOSeECoY,http://www.sudinfo.be/id54154/article/2018-05-15/kendall-jenner-ose-les-robes-transparentes-cannes-et-devoile-son-corps-sur-le,STCAv2,414711,http://avatar-prod/CompareTwoResultQueryJudgments.aspx?job0=411339:1147535&job1=414711:1156637&qid=6206500&q=poitrine+nu,fr-fr Adult,OJ+nbhFZIoi9sQ,6cc17a679584f2330689593111e84b67,8_Dup,0,8_Score,0,8_Final,0,8_Adjust,0,8_AX,2,8_R9,0,8_RX,2,0.09450843,0.189867079,,,,,,0.13149076700210571,,,0.33333333333333331,0,0,fr-fr,Adult
topless jeans flat,1155409,RC1-Prod,12,AdultImage_NonAdult##AdultImage_NonAdult##AdultImage_NonAdult##AdultImage_Explicit##AdultImage_Suggestive##AdultImage_NonAdult,True,Labeler3##Labeler1##Labeler6##Labeler6##Labeler8##Labeler1,0.166666666666667,0.333333333333333,8/22/2019,0,0,http://www.urbasm.com/wp-content/uploads/2015/10/Olga-Kaboulova-in-jeans.jpg,http://www.urbasm.com/2015/10/women-we-love-jeans-and-denim-divas/olga-kaboulova-in-jeans/,STCAv2,414260,http://avatar-prod/CompareTwoResultQueryJudgments.aspx?job0=412971:1152185&job1=414260:1155409&qid=37130290&q=topless+jeans+flat,en-ca Adult,OyLyCUO/C/9t4Q,9cf189aae39c786421325928ab23eec5,8_Dup,0,8_Score,0,8_Final,0,8_Adjust,0,8_AX,2,8_R9,0,8_RX,163,0.0210039914,0.209430933,0.9999973,2.517075E-06,2.492812E-07,1.169454E-08,8_A#TAB#2#TAB#8_R#TAB#85#TAB#8_O#TAB#2,0.0021123441401869059,,,0.16666666666666666,0.16666666666666666,0,en-ca,Adult
asia argento movie 42,1158597,RC1-Mod,9,AdultImage_NonAdult##AdultImage_NonAdult##AdultImage_NonAdult##AdultImage_NonAdult##AdultImage_NonAdult##AdultImage_NonAdult##AdultImage_Explicit##AdultImage_Explicit##AdultImage_Explicit##AdultImage_NonAdult##AdultImage_NonAdult##AdultImage_NonAdult,True,Labeler5##Labeler3##Labeler8##Labeler3##Labeler4##Labeler2##Labeler6##Labeler1##Labeler2##Labeler2##Labeler3##Labeler4,0.25,0.25,8/27/2019,0,0,http://vignette2.wikia.nocookie.net/the-phantom-of-the-opera/images/7/79/3.jpg/revision/latest?cb=20160304175003,http://the-phantom-of-the-opera.wikia.com/wiki/Christine_Daa%C3%A9_(Asia_Argento),STCAv2,415342,http://avatar-prod/CompareTwoResultQueryJudgments.aspx?job0=411506:1147933&job1=415342:1158597&qid=37033090&q=asia+argento+movie+42,de-de Adult,SF05B3TpZ/ExUg,d9c889296e9cc3d0059d3f7a2afaf720,8_Dup,1,8_Score,1,8_Final,1,8_Adjust,1,8_AX,1,8_R9,0,8_RX,1,0.06255107,0.06871711,0.9999968,2.025933E-06,1.202621E-06,1.327117E-08,8_A#TAB#1#TAB#8_R#TAB#1#TAB#8_O#TAB#2,0.0073558078147470951,,,0.25,0,0,de-de,Adult
cum eating creampie pussy,1158593,RC1-Mod,3,AdultImage_Explicit##AdultImage_NonAdult##AdultImage_NonAdult##AdultImage_NonAdult##AdultImage_NonAdult##AdultImage_NonAdult,True,Labeler9##Labeler2##Labeler7##Labeler5##Labeler7##Labeler6,0.166666666666667,0.166666666666667,8/27/2019,0,0,http://38.media.tumblr.com/tumblr_m8r3r9ck6W1rd6zfjo1_400.gif,http://sexybabeswallpaper.com/gif/gif-dripping-cum-ff-creampie-eating-cumshot-facials.html,STCAv2,415341,http://avatar-prod/CompareTwoResultQueryJudgments.aspx?job0=410625:1145509&job1=415341:1158593&qid=21901127&q=cum+eating+creampie+pussy,en-us Adult,T4IEkvnC5ehyqQ,2369907edadd50bcae05ba3eb66953b2,8_Dup,1,8_Score,1,8_Final,1,8_Adjust,1,8_AX,1,8_R9,2,8_RX,1,0.01788344,0.0200904664,0.9999968,1.171175E-06,2.04327E-06,4.005722E-09,,0.046673841774463654,798DCD3E00000000E9B00D3F000000006A84C73E00000000E8E2C13E00000000,0.40147## 0## 0.5534807## 0## 0.3896821## 0## 0.3786843## 0,0.16666666666666666,0,0,en-us,Adult
rocco intimate castings gif,1155409,RC1-Prod,25,AdultImage_NonAdult##AdultImage_NonAdult##AdultImage_NonAdult##AdultImage_NonAdult##AdultImage_NonAdult##AdultImage_NonAdult##AdultImage_Explicit##AdultImage_Suggestive##AdultImage_Suggestive,True,Labeler1##Labeler2##Labeler3##Labeler1##Labeler2##Labeler3##Labeler5##Labeler2##Labeler4,0.111111111111111,0.333333333333333,8/22/2019,0,0,https://media.giphy.com/media/hTbOtawOOeOs0/giphy.gif,http://giphy.com/search/panty,STCAv2,414260,http://avatar-prod/CompareTwoResultQueryJudgments.aspx?job0=412971:1152185&job1=414260:1155409&qid=37130396&q=rocco+intimate+castings+gif,en-ca Adult,TnsR+CtJkYpQ+g,2e7aa58035296c02044dc25ba4d94a45,8_Dup,1,8_Score,1,8_Final,1,8_Adjust,1,8_AX,1,8_R9,0,8_RX,255,0.0683503151,0.184415475,0.9999963,1.630598E-06,1.970714E-06,1.77582E-08,8_A#TAB#1#TAB#8_R#TAB#255#TAB#8_O#TAB#2,0.072087228298187256,,,0.1111111111111111,0.22222222222222221,0,en-ca,Adult
rosee divine,1158593,RC1-Mod,7,AdultImage_Explicit##AdultImage_Suggestive##AdultImage_Suggestive,True,Labeler7##Labeler6##Labeler1,0.333333333333333,1,8/27/2019,0,0,http://2.bp.blogspot.com/-U__tfBmmFZw/TrdUbRz3ZGI/AAAAAAAAB6c/e5AJkO-Q1ds/s1600/rosee-divine-delanthony-dynastyseries-2-600x975.jpg,http://damndurrell.blogspot.com/2011/11/rosee-divine-and-yeah-its-real.html,STCAv2,415341,http://avatar-prod/CompareTwoResultQueryJudgments.aspx?job0=410625:1145509&job1=415341:1158593&qid=1528320&q=rosee+divine,en-us Adult,U3zYZ1XoM6zXyg,d942ee6aa8601c7935446872da6c6c44,8_Dup,1,8_Score,1,8_Final,1,8_Adjust,1,8_AX,1,8_R9,254,8_RX,254,,,1.885825E-06,0.9999955,2.631598E-06,5.208092E-09,,0.03385048,C2913F3D000000000161483E0000000094E7A33E000000004FF84C3D00000000,0.04676986## 0## 0.1956825## 0## 0.3201262## 0## 0.05004149## 0,0.33333333333333331,0.66666666666666663,0,en-us,Adult
rocco intimate castings gif,1155409,RC1-Prod,18,NoLoad##AdultImage_Hardcore##AdultImage_EducationalNudity##AdultImage_Suggestive,True,Avatar##Labeler6##Labeler5##Labeler7,0.333333333333333,0.666666666666667,8/22/2019,0,0,http://cdn.ebaumsworld.com/mediaFiles/picture/1918759/81474151.gif,http://www.ebaumsworld.com/pictures/view/81474151/,STCAv2,414260,http://avatar-prod/CompareTwoResultQueryJudgments.aspx?job0=412971:1152185&job1=414260:1155409&qid=37130396&q=rocco+intimate+castings+gif,en-ca Adult,UgveDiG/suhKAA,eb77b52620ed71b92da16ed2d825b9aa,8_Dup,1,8_Score,1,8_Final,1,8_Adjust,1,8_AX,1,8_R9,254,8_RX,254,0.215910539,0.780689657,6.404903E-07,1.270218E-05,0.9999866,5.102545E-08,,0.71111553907394409,1CAE0D3F00000000F458113F000000001EED5B3F000000004B742C3F00000000,0.5534379## 0## 0.5677636## 0## 0.8590869## 0## 0.6736495## 0,0.25,0.25,0,en-ca,Adult
woman sex hump men,1155409,RC1-Prod,4,AdultImage_Hardcore##AdultImage_NonAdult##AdultImage_NonAdult,True,Labeler7##Labeler2##Labeler5,0.333333333333333,0.333333333333333,8/22/2019,0,0,http://www.ihumpthings.com/wp/wp-content/gallery/statue-humping/girl_humping_deer_ihumpthings.jpg,http://www.thehostelworker.com/job/google-164-men-humping-women/,STCAv2,414260,http://avatar-prod/CompareTwoResultQueryJudgments.aspx?job0=412971:1152185&job1=414260:1155409&qid=37130244&q=woman+sex+hump+men,en-ca Adult,WZoLZHuHwlHRVg,03425dd0f860afe67dc013e6ed7fec2e,8_Dup,1,8_Score,1,8_Final,1,8_Adjust,1,8_AX,1,8_R9,131,8_RX,1,0.09910739,0.262079448,0.9999992,2.741401E-07,6.540172E-07,3.764618E-08,8_A#TAB#1#TAB#8_R#TAB#1#TAB#8_O#TAB#2,0.0010886352974921465,B0467D3F000000000331413F0000000073A1753F000000001DD4463F00000000,0.9893599## 0## 0.7546541## 0## 0.9594948## 0## 0.7766741## 0,0.33333333333333331,0,0,en-ca,Adult
women spread to be licked,1155409,RC1-Prod,23,AdultImage_Explicit##AdultImage_Suggestive##AdultImage_Suggestive,True,Labeler4##Labeler8##Labeler6,0.333333333333333,1,8/22/2019,0,0,https://s-media-cache-ak0.pinimg.com/originals/0a/1c/ec/0a1ceca8852cf085f21426e450dabbe2.jpg,https://www.pinterest.com/pin/369295238174913217/,STCAv2,414260,http://avatar-prod/CompareTwoResultQueryJudgments.aspx?job0=412971:1152185&job1=414260:1155409&qid=37129551&q=women+spread+to+be+licked,en-ca Adult,Ya6rRYFvZLoq0g,0a1ceca8852cf085f21426e450dabbe2,8_Dup,0,8_Score,0,8_Final,0,8_Adjust,0,8_AX,2,8_R9,0,8_RX,254,0.021026928,0.811436832,1.756267E-06,0.9999974,8.040009E-07,1.632024E-09,,0.0079268515110015869,DE093B3B000000009609233D0000000032D11E3D000000008907963D00000000,0.002853982## 0## 0.03980406## 0## 0.03877372## 0## 0.07325656## 0,0.33333333333333331,0.66666666666666663,0,en-ca,Adult
redbone curvy girl,1158593,RC1-Mod,15,AdultImage_Explicit##AdultImage_Suggestive##AdultImage_Suggestive##AdultImage_Suggestive##AdultImage_Suggestive##AdultImage_Suggestive,True,Labeler1##Labeler8##Labeler7##Labeler4##Labeler2##Labeler7,0.166666666666667,1,8/27/2019,0,0,https://i.pinimg.com/736x/6c/00/9e/6c009ef91b36e3f168b7f1bc724e6bf9.jpg,https://www.pinterest.com/gladiatoraaa/curvy-redbone/,STCAv2,415341,http://avatar-prod/CompareTwoResultQueryJudgments.aspx?job0=410625:1145509&job1=415341:1158593&qid=37031590&q=redbone+curvy+girl,en-us Adult,Yg38NqxTYll75A,16b74a5e658dd218a9e2a2eb6a2cb356,8_Dup,0,8_Score,0,8_Final,0,8_Adjust,0,8_AX,40,8_R9,0,8_RX,220,0.132062331,0.373804539,2.89304E-07,1.365891E-06,0.9999982,8.622696E-08,8_A#TAB#254#TAB#8_R#TAB#254#TAB#8_O#TAB#2,0.007747103925794363,1DAEED3C00000000A2C2E23A000000006CEFE63D00000000EB11993B00000000,0.02901369## 0## 0.001730044## 0## 0.1127613## 0## 0.004671325## 0,0.16666666666666666,0.83333333333333337,0,en-us,Adult
twitter out in public hide jpg,1155409,RC1-Prod,13,AdultImage_Explicit##AdultImage_NonAdult##AdultImage_NonAdult##AdultImage_Explicit##AdultImage_NonAdult##AdultImage_NonAdult,True,Labeler5##Labeler4##Labeler3##Labeler8##Labeler6##Labeler5,0.333333333333333,0.333333333333333,8/22/2019,0,0,https://pbs.twimg.com/media/DJ_bdKDX0AAsZyL.jpg,https://twitter.com/mypublicnudity,STCAv2,414260,http://avatar-prod/CompareTwoResultQueryJudgments.aspx?job0=412971:1152185&job1=414260:1155409&qid=37129487&q=twitter+out+in+public+hide+jpg,en-ca Adult,YnQlX1pJK1uixg,331033ce6796d54cfc7f621a025b78c4,8_Dup,0,8_Score,0,8_Final,0,8_Adjust,0,8_AX,2,8_R9,0,8_RX,254,0.0278420355,0.245681867,,,,,,0.0094130821526050568,9D188E3E00000000E868053F0000000068B3143E00000000E7D19A3D00000000,0.2775315## 0## 0.521132## 0## 0.1452156## 0## 0.07559567## 0,0.33333333333333331,0,0,en-ca,Adult
eighties lingerie swim,1158593,RC1-Mod,26,AdultImage_Explicit##AdultImage_Suggestive##AdultImage_NonAdult##AdultImage_Suggestive##AdultImage_NonAdult##AdultImage_NonAdult,True,Labeler2##Labeler7##Labeler1##Labeler8##Labeler1##Labeler2,0.166666666666667,0.5,8/27/2019,0,0,https://s-media-cache-ak0.pinimg.com/736x/f0/79/1c/f0791c1626a2f866316ccc7a19808429.jpg,https://www.pinterest.com/pin/463518986619087987/,STCAv2,415341,http://avatar-prod/CompareTwoResultQueryJudgments.aspx?job0=410625:1145509&job1=415341:1158593&qid=37031311&q=eighties+lingerie+swim,en-us Adult,aL152Iayh4tsHA,20511464f64e3a226135f4f7c5664697,8_Dup,0,8_Score,0,8_Final,0,8_Adjust,0,8_AX,2,8_R9,0,8_RX,254,0.0521950573,0.298480123,1.583323E-05,0.9999777,6.432233E-06,8.129294E-09,,0.0055277361534535885,75B3B83C00000000D86DC33900000000F1CF313E000000001958763A00000000,0.02254651## 0## 0.0003727514## 0## 0.1736448## 0## 0.0009397283## 0,0.16666666666666666,0.33333333333333331,0,en-us,Adult
woman sex hump men,1155409,RC1-Prod,26,AdultImage_Hardcore##AdultImage_NonAdult##AdultImage_NonAdult##AdultImage_NonAdult##AdultImage_NonAdult##AdultImage_NonAdult,True,Labeler1##Labeler8##Labeler6##Labeler8##Labeler6##Labeler5,0.166666666666667,0.166666666666667,8/22/2019,0,0,http://www.ihumpthings.com/wp/wp-content/gallery/random-humping/dog_humping.jpg,http://formulaire-dc4.info/natural/men-humping-naked-woman.html,STCAv2,414260,http://avatar-prod/CompareTwoResultQueryJudgments.aspx?job0=412971:1152185&job1=414260:1155409&qid=37130244&q=woman+sex+hump+men,en-ca Adult,az8hTBdjhi+o/w,5f990ba405a2f1d686ad93abc7e6e36e,8_Dup,1,8_Score,1,8_Final,1,8_Adjust,1,8_AX,1,8_R9,2,8_RX,1,0.03441824,0.05884017,0.9999982,4.566577E-07,1.319091E-06,2.307464E-08,8_A#TAB#1#TAB#8_R#TAB#1#TAB#8_O#TAB#2,0.00057612644741311669,D7365E3E00000000825B363B00000000EA65B63D000000004DF6E33A00000000,0.2170061## 0## 0.002782554## 0## 0.08906157## 0## 0.001739213## 0,0.16666666666666666,0,0,en-ca,Adult
rosee divine,1158593,RC1-Mod,8,AdultImage_NonAdult##AdultImage_NonAdult##AdultImage_NonAdult##AdultImage_Explicit##AdultImage_Explicit##AdultImage_Suggestive,True,Labeler8##Labeler1##Labeler2##Labeler8##Labeler3##Labeler4,0.333333333333333,0.5,8/27/2019,0,0,http://4.bp.blogspot.com/-1N6bEYrrD2M/T1n766QEZWI/AAAAAAAAi_Q/i9Axfabddi0/s1600/@R_o_s_e_e_AnhDpelCAAAHMoa.jpg+large.jpg,http://agua-bendita3.blogspot.com/2012/03/pictures-rosee-x-fun-friday-x-throwback.html,STCAv2,415341,http://avatar-prod/CompareTwoResultQueryJudgments.aspx?job0=410625:1145509&job1=415341:1158593&qid=1528320&q=rosee+divine,en-us Adult,bcRsRUPcTOFNOg,3b9b3aa7645f990dec3c27089f6c89a2,8_Dup,1,8_Score,1,8_Final,1,8_Adjust,1,8_AX,1,8_R9,0,8_RX,254,0.316476464,0.9163118,2.125693E-06,0.9999917,6.178429E-06,5.598413E-09,,0.0097158700227737427,BE81153F00000000119F503F000000004208753F00000000E2D02C3F00000000,0.584011## 0## 0.8149272## 0## 0.9571573## 0## 0.6750623## 0,0.33333333333333331,0.16666666666666666,0,en-us,Adult
geile stuten,1158597,RC1-Mod,15,AdultImage_Hardcore##AdultImage_Suggestive##AdultImage_NonAdult,True,Labeler6##Labeler4##Labeler5,0.333333333333333,0.666666666666667,8/27/2019,0,0,https://static.gorillacdn.ch/media/image/19/1c/9b/reitsport_17124_33852.jpg,https://www.reitsport.ch/blog/ein-fohlen-aus-der-eigenen-stute-teil-1-der-besuch-beim-hengst,STCAv2,415342,http://avatar-prod/CompareTwoResultQueryJudgments.aspx?job0=411506:1147933&job1=415342:1158597&qid=37032912&q=geile+stuten,de-de Adult,cIjC4g4PHgFbKg,15f35dfbed655e703b96927ad707f3f4,8_Dup,0,8_Score,0,8_Final,0,8_Adjust,0,8_AX,2,8_R9,0,8_RX,2,0.04467694,0.0313000754,0.9999992,1.902553E-07,5.537739E-07,1.275439E-08,8_A#TAB#2#TAB#8_R#TAB#2#TAB#8_O#TAB#2,0.00021848909091204405,3028453D00000000FDE5883C00000000D824FB3C00000000142DAC3A00000000,0.04813403## 0## 0.01671123## 0## 0.03065722## 0## 0.001313599## 0,0.33333333333333331,0.33333333333333331,0,de-de,Adult
bodystockings,1158593,RC1-Mod,22,AdultImage_Suggestive##AdultImage_Suggestive##AdultImage_Suggestive##AdultImage_Explicit##AdultImage_Suggestive##AdultImage_NonAdult,True,Labeler3##Labeler2##Labeler5##Labeler3##Labeler1##Labeler8,0.166666666666667,0.833333333333333,8/27/2019,0,0,https://sep.yimg.com/ay/spicylingeriestore/pursuit-of-happiness-vertical-striped-bodystocking-9.png,http://www.spicylingerie.com/em-8665.html,STCAv2,415341,http://avatar-prod/CompareTwoResultQueryJudgments.aspx?job0=410625:1145509&job1=415341:1158593&qid=9517747&q=bodystockings,en-us Adult,cpNTtjKgUUNPdw,c8ea47255a7a4daa4cf2d32f4049c2aa,8_Dup,0,8_Score,0,8_Final,0,8_Adjust,0,8_AX,2,8_R9,0,8_RX,23,0.06214085,0.0940388143,0.9999655,3.034682E-05,4.051142E-06,1.184678E-09,,0.013820945285260677,77810B3D00000000E5F1603A0000000056D07A3D00000000AC97943900000000,0.03405901## 0## 0.0008580967## 0## 0.06123384## 0## 0.0002834176## 0,0.16666666666666666,0.66666666666666663,0,en-us,Adult
mythe daphne et apollon,1156637,RC1-Mod,7,AdultImage_NonAdult##AdultImage_NonAdult##AdultImage_NonAdult##AdultImage_Hardcore##AdultImage_NonAdult##AdultImage_NonAdult##AdultImage_Hardcore##AdultImage_NonAdult##AdultImage_NonAdult,True,Labeler4##Labeler6##Labeler8##Labeler2##Labeler5##Labeler1##Labeler1##Labeler2##Labeler8,0.222222222222222,0.222222222222222,8/26/2019,0,0,http://francois-grelaud.e-monsite.com/medias/images/daphne.jpg,http://francois-grelaud.e-monsite.com/pages/mythologie/apollon-de-la-lumiere-a-la-noirceur.html,STCAv2,414711,http://avatar-prod/CompareTwoResultQueryJudgments.aspx?job0=411339:1147535&job1=414711:1156637&qid=37031862&q=mythe+daphne+et+apollon,fr-fr Adult,d/9VSjsAV/8OZw,547038de764dcf949ef011dc4ff118f0,8_Dup,1,8_Score,1,8_Final,1,8_Adjust,1,8_AX,1,8_R9,0,8_RX,2,0.0323272757,0.0575935021,1.603671E-06,2.193332E-06,0.9999962,2.368794E-08,,0.041513081640005112,,,0.22222222222222221,0,0,fr-fr,Adult
loli flat rape gif,1155409,RC1-Prod,7,AdultImage_Hardcore##AdultImage_Hardcore##AdultImage_Suggestive##AdultImage_Suggestive##AdultImage_Suggestive##AdultImage_Suggestive##AdultImage_Suggestive##AdultImage_Suggestive##AdultImage_Explicit##AdultImage_Suggestive##AdultImage_Suggestive##AdultImage_Hardcore##AdultImage_Hardcore##AdultImage_Suggestive,True,Labeler7##Labeler9##Labeler5##A222XREQ12K58P##AL6TUFYAMT6U4##AALHA10KJZX0O##A2TCHIQF9FW1ZZ##A3PTVH75DG4JCJ##Labeler7##Labeler5##Labeler6##Labeler1##Labeler4##Labeler6,1.24E-13,1,8/22/2019,0,0,http://g.hiphotos.baidu.com/zhidao/pic/item/d4628535e5dde7114e95dfefa5efce1b9d166160.jpg,http://zhidao.baidu.com/question/1238351800690330179.html,STCAv2,414260,http://avatar-prod/CompareTwoResultQueryJudgments.aspx?job0=412971:1152185&job1=414260:1155409&qid=37129803&q=loli+flat+rape+gif,en-ca Adult,fky0OntyF1i7ow,f5cfdbbecf20abb000858508f77871e5,8_Dup,1,8_Score,1,8_Final,1,8_Adjust,1,8_AX,1,8_R9,254,8_RX,254,0.279656649,0.574656546,9.451668E-06,1.396123E-05,0.9999765,1.517335E-07,8_A#TAB#1#TAB#8_R#TAB#254#TAB#8_O#TAB#2,0.0377376489341259,A2E8263F00000000C2932A3F00000000752C023E0000000050BF023E00000000,0.6519872## 0## 0.6663171## 0## 0.1271227## 0## 0.1276829## 0,0.35714285714285715,0.6428571428571429,0,en-ca,Adult
bbw grabs balls during sex,1158593,RC1-Mod,2,AdultImage_Hardcore##AdultImage_Suggestive##AdultImage_NonAdult##AdultImage_Hardcore##AdultImage_Hardcore##AdultImage_Explicit,True,Labeler5##Labeler6##Labeler4##Labeler4##Labeler3##Labeler8,0.666666666666667,0.833333333333333,8/27/2019,0,0,https://cf.girlsaskguys.com/q1994405/0a05e4fd-80f1-4c18-94a1-911c3fbb02c3.gif,http://www.girlsaskguys.com/guys-behavior/q1994405-guys-why-do-you-actually-do-this,STCAv2,415341,http://avatar-prod/CompareTwoResultQueryJudgments.aspx?job0=410625:1145509&job1=415341:1158593&qid=37031454&q=bbw+grabs+balls+during+sex,en-us Adult,g/vZIqTEGB65Sw,781b8ade36f97382c7d4090ff9bbe1b1,8_Dup,0,8_Score,0,8_Final,0,8_Adjust,0,8_AX,2,8_R9,0,8_RX,254,0.310695529,0.61588037,5.65979E-06,0.000424314,0.9995698,2.022708E-07,,0.024175334721803665,2AC0D33D00000000AE04003B000000002BC3343F000000001271613B00000000,0.1033939## 0## 0.001953404## 0## 0.706103## 0## 0.003439967## 0,0.66666666666666663,0.16666666666666666,0,en-us,Adult
cardi b gangster bitch,1155409,RC1-Prod,16,AdultImage_Hardcore##AdultImage_Suggestive##AdultImage_Suggestive,True,Labeler4##Labeler7##Labeler8,0.333333333333333,1,8/22/2019,0,0,https://i.ytimg.com/vi/vR-S5v_KMSU/hqdefault.jpg,https://www.youtube.com/watch?v=vR-S5v_KMSU,STCAv2,414260,http://avatar-prod/CompareTwoResultQueryJudgments.aspx?job0=412971:1152185&job1=414260:1155409&qid=37130358&q=cardi+b+gangster+bitch,en-ca Adult,iEWCk61ST/Unag,cf1bb9f95c559a33fe035a0057ba225b,8_Dup,0,8_Score,0,8_Final,0,8_Adjust,0,8_AX,2,8_R9,0,8_RX,139,0.106415391,0.36780262,0.4258957,0.5538889,0.02010828,0.0001071854,8_A#TAB#71#TAB#8_R#TAB#234#TAB#8_O#TAB#2,0.0016646841540932655,8A25893D00000000C402803B00000000B3E7033E0000000008CF983B00000000,0.06696613## 0## 0.00390658## 0## 0.1288135## 0## 0.004663352## 0,0.33333333333333331,0.66666666666666663,0,en-ca,Adult
school girl naked bent over,1158593,RC1-Mod,23,AdultImage_Hardcore##AdultImage_NonAdult##AdultImage_NonAdult##AdultImage_NonAdult##AdultImage_NonAdult##AdultImage_NonAdult##AdultImage_NonAdult##AdultImage_NonAdult##AdultImage_NonAdult,True,Labeler2##Labeler5##Labeler8##Labeler2##Labeler3##Labeler5##Labeler7##Labeler8##Labeler1,0.111111111111111,0.111111111111111,8/27/2019,0,0,http://guyspeed.com/files/2016/07/Kylie-Jenner-bending-over.gif,http://guyspeed.com/sexy-kylie-jenner-gif-collection/,STCAv2,415341,http://avatar-prod/CompareTwoResultQueryJudgments.aspx?job0=410625:1145509&job1=415341:1158593&qid=37031789&q=school+girl+naked+bent+over,en-us Adult,iX/Qct4s7QhPqA,f662df25fc85ce277c6b21bc5de396f2,8_Dup,1,8_Score,1,8_Final,1,8_Adjust,1,8_AX,1,8_R9,0,8_RX,1,0.0322184935,0.0457418,,,,,,0.28829655051231384,8657A53B00000000A315B43A000000004AF3E43D00000000F62AF93A00000000,0.005045834## 0## 0.001373936## 0## 0.1117922## 0## 0.001901## 0,0.1111111111111111,0,0,en-us,Adult
tanja tischewitsch nip slip,1158597,RC1-Mod,8,AdultImage_Explicit##AdultImage_Explicit##AdultImage_NonAdult,True,Labeler6##Labeler5##Labeler2,0.666666666666667,0.666666666666667,8/27/2019,0,0,https://www.berliner-kurier.de/image/24369278/2x1/940/470/341e22203fc07cee08d4f556a8458702/nS/serena.jpg,https://www.berliner-kurier.de/sport/sportmix/final-aufregung-nippel-alarm-bei-serena-williams--fans-entruestet-24369244,STCAv2,415342,http://avatar-prod/CompareTwoResultQueryJudgments.aspx?job0=411506:1147933&job1=415342:1158597&qid=37033305&q=tanja+tischewitsch+nip+slip,de-de Adult,j2aCfrw/CwyJxQ,8d0e7eedf328d42d09b30f6daad6cea9,8_Dup,0,8_Score,0,8_Final,0,8_Adjust,0,8_AX,2,8_R9,0,8_RX,2,0.0178875457,0.0275762063,,,,,,0.0017790612764656544,7CE9D23E0000000064C33E3E000000008227553D000000004659593C00000000,0.4119376## 0## 0.1862922## 0## 0.05203963## 0## 0.01326591## 0,0.66666666666666663,0,0,de-de,Adult
mythe daphne et apollon,1156637,RC1-Mod,13,AdultImage_EducationalNudity##AdultImage_Suggestive##AdultImage_NonAdult##AdultImage_Hardcore##AdultImage_Suggestive##AdultImage_NonAdult##AdultImage_NonAdult##AdultImage_NonAdult##AdultImage_NonAdult,True,Labeler8##Labeler7##Labeler5##Labeler2##Labeler4##Labeler1##Labeler7##Labeler6##Labeler5,0.111111111111111,0.333333333333333,8/26/2019,0,0,http://helios.fltr.ucl.ac.be/gibaud/mythes-peintures-5e/tableaux-JPEG-bulles/9-daphne-tiepolo.jpg,http://helios.fltr.ucl.ac.be/gibaud/mythes-peintures-5e/tableau-9-version.html,STCAv2,414711,http://avatar-prod/CompareTwoResultQueryJudgments.aspx?job0=411339:1147535&job1=414711:1156637&qid=37031862&q=mythe+daphne+et+apollon,fr-fr Adult,jDx3fGpm0Ok19g,0ba14bc23e51a8683ed926bc4a2a532c,8_Dup,224,8_Score,2,8_Final,34,8_Adjust,34,8_AX,2,8_R9,161,8_RX,2,0.314597756,0.22412923,9.455883E-06,2.983399E-06,0.9999875,6.72398E-08,8_A#TAB#2#TAB#8_R#TAB#2#TAB#8_O#TAB#2,0.00837651826441288,D911433E00000000CC3F973A0000000097D0113E0000000060B1043C00000000,0.1904978## 0## 0.00115394## 0## 0.1423973## 0## 0.00809893## 0,0.1111111111111111,0.22222222222222221,0,fr-fr,Adult
loli flat rape gif,1155409,RC1-Prod,28,AdultImage_Suggestive##AdultImage_NonAdult##AdultImage_NonAdult##AdultImage_Hardcore##AdultImage_Explicit##AdultImage_Suggestive,True,Labeler8##Labeler2##Labeler6##Labeler3##Labeler8##Labeler4,0.333333333333333,0.666666666666667,8/22/2019,0,0,https://media.giphy.com/media/m5Z3HOmyw3N0k/giphy.gif,http://giphy.com/gifs/jessie-m5Z3HOmyw3N0k,STCAv2,414260,http://avatar-prod/CompareTwoResultQueryJudgments.aspx?job0=412971:1152185&job1=414260:1155409&qid=37129803&q=loli+flat+rape+gif,en-ca Adult,jQur7eeU/kooGA,a6628091776439d3a0ea0fee1e38469c,8_Dup,1,8_Score,1,8_Final,1,8_Adjust,1,8_AX,1,8_R9,0,8_RX,1,0.483360022,0.9019011,7.231109E-07,0.9999937,5.561889E-06,5.552675E-09,,0.31174695491790771,,,0.33333333333333331,0.33333333333333331,0,en-ca,Adult
woman sex hump men,1155409,RC1-Prod,22,AdultImage_NonAdult##AdultImage_NonAdult##AdultImage_NonAdult##AdultImage_Suggestive##AdultImage_NonAdult##AdultImage_NonAdult##AdultImage_Hardcore##AdultImage_NonAdult##AdultImage_NonAdult,True,Labeler2##Labeler4##Labeler3##Labeler7##Labeler6##Labeler5##Labeler3##Labeler1##Labeler2,0.111111111111111,0.222222222222222,8/22/2019,0,0,http://2.bp.blogspot.com/-mQ2ZiZU4_pg/TgcPCIu0fXI/AAAAAAAAAwo/xHVeIFPhuug/s1600/doggy_style_clothes_dressed_dry_humping_night_out_Fluon.jpg,http://xxgasm.com/gay-men-dry-humping-with-clothes-on/,STCAv2,414260,http://avatar-prod/CompareTwoResultQueryJudgments.aspx?job0=412971:1152185&job1=414260:1155409&qid=37130244&q=woman+sex+hump+men,en-ca Adult,l5tqdDzTpO4C3w,ec66ca9896e9d10aa498d1b6ae7b481e,8_Dup,1,8_Score,1,8_Final,1,8_Adjust,1,8_AX,1,8_R9,50,8_RX,1,,,0.9988637,0.0001081711,0.0002665191,0.0007617692,8_A#TAB#1#TAB#8_R#TAB#1#TAB#8_O#TAB#2,0.1000934,,,0.1111111111111111,0.1111111111111111,0,en-ca,Adult
balanite,1156637,RC1-Mod,21,AdultImage_Explicit##AdultImage_Explicit##AdultImage_NonAdult,True,Labeler4##Labeler1##Labeler5,0.666666666666667,0.666666666666667,8/26/2019,0,0,http://www.univadis.cn/var/merck/storage/images/media/cofer/image/0158.jpg/72527-4-eng-GB/0158.jpg_dt_slide.jpg,http://www.univadis.cn/medical-media-library/5/Circinate-balanitis,STCAv2,414711,http://avatar-prod/CompareTwoResultQueryJudgments.aspx?job0=411339:1147535&job1=414711:1156637&qid=7772582&q=balanite,fr-fr Adult,mFggsxzHPrN2vA,f4c43521598d714f0d632727d5087bf7,8_Dup,0,8_Score,0,8_Final,0,8_Adjust,0,8_AX,2,8_R9,0,8_RX,2,0.114843927,0.284741879,,,,,,0.00094192370306700468,C7D7C93D0000000009F62E3C00000000B01D453D000000008B52803A00000000,0.09855609## 0## 0.01067878## 0## 0.04812402## 0## 0.0009790225## 0,0.66666666666666663,0,0,fr-fr,Adult
oral creampie / squirting combo gifs,1155409,RC1-Prod,2,AdultImage_Hardcore##AdultImage_Explicit##AdultImage_Explicit,True,Labeler6##Labeler5##Labeler3,1,1,8/22/2019,0,0,https://66.media.tumblr.com/5a7969b99a0372d495f67471257f77d1/tumblr_n2v0j390W21tv5jj9o7_400.gif,https://www.tumbex.com/awkwardly-arousing.tumblr/post/86720267383,STCAv2,414260,http://avatar-prod/CompareTwoResultQueryJudgments.aspx?job0=412971:1152185&job1=414260:1155409&qid=37129574&q=oral+creampie+%2f+squirting+combo+gifs,en-ca Adult,niU6R6wty/wuIQ,e2d706fa95f77931b093d2d748fab54d,8_Dup,0,8_Score,0,8_Final,0,8_Adjust,0,8_AX,5,8_R9,0,8_RX,2,0.0175992586,0.0419703946,0.9999976,1.208152E-06,1.236211E-06,3.19774E-08,,0.2741645872592926,F02F583F00000000CBD30D3E00000000491D943E00000000AB8E5E3E00000000,0.8444815## 0## 0.1385032## 0## 0.2892859## 0## 0.2173411## 0,1,0,0,en-ca,Adult
eighties lingerie swim,1158593,RC1-Mod,18,AdultImage_Suggestive##AdultImage_Suggestive##AdultImage_Suggestive##AdultImage_Explicit##AdultImage_Suggestive##AdultImage_Suggestive,True,Labeler1##Labeler2##Labeler3##Labeler3##Labeler8##Labeler4,0.166666666666667,1,8/27/2019,0,0,https://i.pinimg.com/originals/1d/59/a2/1d59a20662377d089fb86a727fa0a8f3.jpg,https://www.pinterest.com/pin/838162180619968743/,STCAv2,415341,http://avatar-prod/CompareTwoResultQueryJudgments.aspx?job0=410625:1145509&job1=415341:1158593&qid=37031311&q=eighties+lingerie+swim,en-us Adult,nnQPm2V1v93Qqw,c26cba9d382da0eb4dae85bb7ecef5c3,8_Dup,0,8_Score,0,8_Final,0,8_Adjust,0,8_AX,2,8_R9,0,8_RX,254,0.0286623053,0.9679663,2.034599E-07,0.9999992,6.33346E-07,4.041515E-10,,0.0016140312654897571,29CE083C000000000FB5073A000000000D60393D000000005DBCAC3A00000000,0.008349934## 0## 0.0005176821## 0## 0.04525762## 0## 0.00131787## 0,0.16666666666666666,0.83333333333333337,0,en-us,Adult
bodystockings,1158593,RC1-Mod,12,AdultImage_Explicit##AdultImage_Suggestive##AdultImage_Suggestive##AdultImage_Suggestive##AdultImage_NonAdult##AdultImage_NonAdult,True,Labeler3##Labeler8##Labeler4##Labeler5##Labeler4##Labeler3,0.166666666666667,0.666666666666667,8/27/2019,0,0,https://img.bidorbuy.co.za/image/upload/v1511605687/user_images/992/366992/171125122713_5.jpg,https://www.bidorbuy.co.za/item/320510627/BODYSTOCKINGS_BODYSTOCKING_RED_BODYSTOCKING_LINGERIE_BODYSTOCKING_SEXY_BODYSTOCKING.html,STCAv2,415341,http://avatar-prod/CompareTwoResultQueryJudgments.aspx?job0=410625:1145509&job1=415341:1158593&qid=9517747&q=bodystockings,en-us Adult,rlvBzhOYWHbBew,ae0fc6d1b70dfe278ee0c4f484e9432b,8_Dup,0,8_Score,0,8_Final,0,8_Adjust,0,8_AX,2,8_R9,0,8_RX,2,0.04260596,0.0673544854,0.999988,7.487316E-06,4.364665E-06,1.192339E-07,8_A#TAB#2#TAB#8_R#TAB#5#TAB#8_O#TAB#2,0.0023691584356129169,D31DBC3C00000000293D4E3B00000000198B373E00000000984E733A00000000,0.02296344## 0## 0.003146956## 0## 0.1792416## 0## 0.0009281426## 0,0.16666666666666666,0.5,0,en-us,Adult
wheelchair friends kiss,1158593,RC1-Mod,12,AdultImage_Hardcore##AdultImage_NonAdult##AdultImage_NonAdult##AdultImage_NonAdult##AdultImage_NonAdult##AdultImage_NonAdult,True,Labeler6##Labeler5##Labeler7##Labeler1##Labeler8##Labeler7,0.166666666666667,0.166666666666667,8/27/2019,0,0,http://2.bp.blogspot.com/-zVJgIMlnJ6o/UMsV0iCwzkI/AAAAAAAAJMA/imEeQ4uziXY/s1600/couple-hug-room-bed-love.jpg,http://9images.blogspot.com/2012/12/couple-hug-room-bed-love.html,STCAv2,415341,http://avatar-prod/CompareTwoResultQueryJudgments.aspx?job0=410625:1145509&job1=415341:1158593&qid=37031489&q=wheelchair+friends+kiss,en-us Adult,vOS5EwOsAAUfUg,557beac5240ee1754e14fe679bdf6c76,8_Dup,1,8_Score,1,8_Final,1,8_Adjust,1,8_AX,1,8_R9,182,8_RX,140,0.1094196,0.13846983,0.9999878,7.348775E-06,4.818975E-06,4.298796E-08,,0.1499750018119812,2C01343D000000002674893A00000000EC1EDC3E00000000C7AC543D00000000,0.04394643## 0## 0.001048689## 0## 0.4299234## 0## 0.05192259## 0,0.16666666666666666,0,0,en-us,Adult
wendy010,1158597,RC1-Mod,8,AdultImage_NonAdult##AdultImage_NonAdult##AdultImage_NonAdult##AdultImage_Explicit##AdultImage_NonAdult##AdultImage_NonAdult##AdultImage_Explicit##AdultImage_Explicit##AdultImage_NonAdult,True,Labeler1##Labeler3##Labeler6##Labeler7##Labeler3##Labeler2##Labeler1##Labeler3##Labeler2,0.333333333333333,0.333333333333333,8/27/2019,0,0,http://pre12.deviantart.net/1b89/th/pre/i/2016/071/0/6/sleepy_mermaid_by_wendy010-d9utiiu.png,http://wendy010.deviantart.com/,STCAv2,415342,http://avatar-prod/CompareTwoResultQueryJudgments.aspx?job0=411506:1147933&job1=415342:1158597&qid=37032736&q=wendy010,de-de Adult,x6EfF0O80xcEJA,a5a5437056b52c2574c220967857075c,8_Dup,0,8_Score,0,8_Final,0,8_Adjust,0,8_AX,86,8_R9,0,8_RX,2,0.152935669,0.206578344,0.003492981,0.418448,0.5777993,0.0002597357,8_A#TAB#55#TAB#8_R#TAB#238#TAB#8_O#TAB#2,0.0027400432154536247,,,0.33333333333333331,0,0,de-de,Adult
redbone curvy girl,1158593,RC1-Mod,27,AdultImage_Explicit##AdultImage_Suggestive##AdultImage_Suggestive##AdultImage_Suggestive##AdultImage_Suggestive##AdultImage_Suggestive,True,Labeler8##Labeler5##Labeler7##Labeler4##Labeler2##Labeler3,0.166666666666667,1,8/27/2019,0,0,https://i.pinimg.com/originals/0b/4a/c6/0b4ac608ceafeb154b3e1d2f10675f7d.jpg,https://www.pinterest.com/pin/323485185707711376/,STCAv2,415341,http://avatar-prod/CompareTwoResultQueryJudgments.aspx?job0=410625:1145509&job1=415341:1158593&qid=37031590&q=redbone+curvy+girl,en-us Adult,x6aFwovWL3i4WA,312296cab322aea77a7c745c96ee892b,8_Dup,0,8_Score,0,8_Final,0,8_Adjust,0,8_AX,2,8_R9,0,8_RX,248,0.225100219,0.554540157,0.0004602471,0.9990271,0.0005107538,1.82959E-06,,0.00014360719069372863,,,0.16666666666666666,0.83333333333333337,0,en-us,Adult
kylie quinn masterpiece,1155409,RC1-Prod,7,AdultImage_Explicit##AdultImage_Explicit##AdultImage_Suggestive,True,Labeler3##Labeler1##Labeler5,0.666666666666667,1,8/22/2019,0,0,https://cdn.images.express.co.uk/img/dynamic/79/750x445/758532.jpg,http://thaihotelplaza.com/shalina-devine/,STCAv2,414260,http://avatar-prod/CompareTwoResultQueryJudgments.aspx?job0=412971:1152185&job1=414260:1155409&qid=37129575&q=kylie+quinn+masterpiece,en-ca Adult,xckMx5WbnSHpHA,5904840e63f46cf3525927d403654b72,8_Dup,0,8_Score,0,8_Final,0,8_Adjust,0,8_AX,2,8_R9,0,8_RX,234,0.1382516,0.228798747,2.378786E-07,1.098627E-06,0.9999987,7.881345E-09,,0.10320793092250824,,,0.66666666666666663,0.33333333333333331,0,en-ca,Adult
twitter out in public hide jpg,1155409,RC1-Prod,6,AdultImage_Explicit##AdultImage_Explicit##AdultImage_NonAdult,True,Labeler3##Labeler1##Labeler5,0.666666666666667,0.666666666666667,8/22/2019,0,0,https://pbs.twimg.com/media/De1jJDuWAAAk61a.jpg:large,https://twitter.com/katyaclover/status/1003567302779064320,STCAv2,414260,http://avatar-prod/CompareTwoResultQueryJudgments.aspx?job0=412971:1152185&job1=414260:1155409&qid=37129487&q=twitter+out+in+public+hide+jpg,en-ca Adult,yZkg64l76qv/SA,711b3702e75815e2e54d6bf48c02c4ec,8_Dup,0,8_Score,0,8_Final,0,8_Adjust,0,8_AX,2,8_R9,0,8_RX,128,0.0291123651,0.103787012,,,,,,0.1000664010643959,7BEBC43E00000000E325193E00000000F212183E0000000049E3A93C00000000,0.3846091## 0## 0.1495586## 0## 0.1485098## 0## 0.02073826## 0,0.66666666666666663,0,0,en-ca,Adult
asia argento movie 42,1158597,RC1-Mod,8,AdultImage_Explicit##AdultImage_Explicit##AdultImage_Explicit,True,Labeler6##Labeler4##Labeler5,1,1,8/27/2019,0,0,http://musicalsonline.com/wp-content/uploads/2015/01/2015-01-21_1747.png,http://musicalsonline.com/the-phantom-of-the-opera-musical-cast-in-different-stagings-and-film/,STCAv2,415342,http://avatar-prod/CompareTwoResultQueryJudgments.aspx?job0=411506:1147933&job1=415342:1158597&qid=37033090&q=asia+argento+movie+42,de-de Adult,z2dDSLT63Pm+cQ,d35175332724e1cfac627ba657e2cad8,8_Dup,1,8_Score,1,8_Final,1,8_Adjust,1,8_AX,1,8_R9,0,8_RX,1,0.0358765349,0.109906435,,,,,,0.00014509883476421237,,,1,0,0,de-de,Adult
losing verginerty sex giphs,1156637,RC1-Mod,10,AdultImage_Hardcore##AdultImage_NonAdult##AdultImage_NonAdult##AdultImage_Hardcore##AdultImage_NonAdult##AdultImage_NonAdult,True,Labeler5##Labeler4##Labeler2##Labeler2##Labeler1##Labeler8,0.333333333333333,0.333333333333333,8/26/2019,0,0,http://pbs.twimg.com/media/CsI1Y74WIAQ-aC1.jpg,https://www.scoopnest.com/user/CosmopolitanUK/775240790897549312,STCAv2,414711,http://avatar-prod/CompareTwoResultQueryJudgments.aspx?job0=411339:1147535&job1=414711:1156637&qid=37032273&q=losing+verginerty+sex+giphs,fr-fr Adult,zx0glr5auyamRQ,997e20c3d2b9a9de5cc1863967acaec7,8_Dup,1,8_Score,1,8_Final,1,8_Adjust,1,8_AX,1,8_R9,0,8_RX,254,0.2698721,0.4568816,0.9644299,0.01954811,0.01601519,6.937626E-06,,0.60586673021316528,A6C90B3F00000000F7AA203F000000001741D93E00000000710FDC3E00000000,0.5460457## 0## 0.6276087## 0## 0.4243247## 0## 0.4298053## 0,0.33333333333333331,0,0,fr-fr,Adult
gay cum,1158593,RC1-Mod,3,AdultImage_Hardcore##AdultImage_Explicit##AdultImage_NonAdult,True,Labeler2##Labeler6##Labeler1,0.666666666666667,0.666666666666667,8/27/2019,0,0,https://pbs.twimg.com/media/C0PNSmYVEAA2bW6.jpg,https://twitter.com/c_gulbary,STCAv2,415341,http://avatar-prod/CompareTwoResultQueryJudgments.aspx?job0=410625:1145509&job1=415341:1158593&qid=279410&q=gay+cum,en-us Adult,,,,,,,,,,,,,,,,,,,,,,,,,,,0.66666666666666663,0,0,en-us,Adult
